"trace_id","source_id","source_type","source_artifact","contract_artifacts","contract_records","required_future_evidence","status_or_gate"
"TR-DEC-001","D-025","decision","DECISIONS.md;docs/phase-1-foundation/**","README.md;UI_REFERENCE_DESIGN_CONTRACT.md;foundation-route-coverage.csv;foundation-flow-coverage.csv","33 route instances; /industries retained; content/evidence gates","Founder-reviewed route and content-reference evidence without route activation or fabricated facts","accepted_definition_authority"
"TR-DEC-002","D-026","decision","DECISIONS.md;docs/phase-1-brand-strategy/**","README.md;UI_REFERENCE_DESIGN_CONTRACT.md;reference-template-inventory.csv;DESIGN_SYSTEM_IMPLICATIONS.md","Evidence in Motion; evidence-led innovation delivery partner; accountable delivery hierarchy","Reference frames proving evidence-first hierarchy and restrained brand expression under real content stress","accepted_definition_authority"
"TR-DEC-003","D-035","decision","DECISIONS.md;docs/phase-1-brand-identity/**","README.md;UI_REFERENCE_DESIGN_CONTRACT.md;reference-template-inventory.csv;responsive-state-mode-matrix.csv;DESIGN_SYSTEM_IMPLICATIONS.md;component-primitives.csv","Signal Ledger system plus Framework Relay; unregistered and trademark-not-cleared","Reference frames and primitive evidence preserving identity semantics without asserting trademark clearance or production-asset authority","accepted_definition_authority"
"TR-DEC-004","D-036","decision","DECISIONS.md;docs/phase-1-ux-architecture/**","README.md;UI_REFERENCE_DESIGN_CONTRACT.md;foundation-route-coverage.csv;foundation-flow-coverage.csv;responsive-state-mode-matrix.csv","Accepted UX journeys actions states recovery and tests","All contracted frames variants annotations prototypes and route-instance sheets required by the accepted UX package","accepted_definition_authority"
"TR-REQ-001","BR-001","requirement","docs/phase-1-foundation/01-product-requirements.md;docs/phase-1-ux-architecture/traceability.csv","README.md;UI_REFERENCE_DESIGN_CONTRACT.md;reference-template-inventory.csv","J-01; BF-01","UXTEST-004 and UXTEST-014 through UXTEST-020","contracted_future_visual_evidence_required"
"TR-REQ-002","BR-002","requirement","docs/phase-1-foundation/01-product-requirements.md;docs/phase-1-ux-architecture/traceability.csv","README.md;UI_REFERENCE_DESIGN_CONTRACT.md;reference-template-inventory.csv","Actors","Research plan does not invent personas","contracted_future_visual_evidence_required"
"TR-REQ-003","BR-003","requirement","docs/phase-1-foundation/01-product-requirements.md;docs/phase-1-ux-architecture/traceability.csv","README.md;UI_REFERENCE_DESIGN_CONTRACT.md;reference-template-inventory.csv","J-03; industry rows","UXTEST-002 and UXTEST-026","contracted_future_visual_evidence_required"
"TR-REQ-004","BR-004","requirement","docs/phase-1-foundation/01-product-requirements.md;docs/phase-1-ux-architecture/traceability.csv","README.md;UI_REFERENCE_DESIGN_CONTRACT.md;reference-template-inventory.csv","J-03; AI refusal; booking","UXTEST-010 and content review find no fixed/binding terms","contracted_future_visual_evidence_required"
"TR-REQ-005","BR-005","requirement","docs/phase-1-foundation/01-product-requirements.md;docs/phase-1-ux-architecture/traceability.csv","README.md;UI_REFERENCE_DESIGN_CONTRACT.md;reference-template-inventory.csv","17 service/wing routes; IA","UXTEST-002 counts exact 5 wings and 10 services","contracted_future_visual_evidence_required"
"TR-REQ-006","BR-006","requirement","docs/phase-1-foundation/01-product-requirements.md;docs/phase-1-ux-architecture/traceability.csv","README.md;UI_REFERENCE_DESIGN_CONTRACT.md;reference-template-inventory.csv","Content family; CN-001","Claim scan and evidence review","contracted_future_visual_evidence_required"
"TR-REQ-007","BR-007","requirement","docs/phase-1-foundation/01-product-requirements.md;docs/phase-1-ux-architecture/traceability.csv","README.md;UI_REFERENCE_DESIGN_CONTRACT.md;reference-template-inventory.csv","J-04; CN-004 through CN-008","UXTEST-026 and claim scan","contracted_future_visual_evidence_required"
"TR-REQ-008","BR-008","requirement","docs/phase-1-foundation/01-product-requirements.md;docs/phase-1-ux-architecture/traceability.csv","README.md;UI_REFERENCE_DESIGN_CONTRACT.md;reference-template-inventory.csv","Cross-links; Work/Demos","UXTEST-003 and UXTEST-026 distinguish collections","contracted_future_visual_evidence_required"
"TR-REQ-009","BR-009","requirement","docs/phase-1-foundation/01-product-requirements.md;docs/phase-1-ux-architecture/traceability.csv","README.md;UI_REFERENCE_DESIGN_CONTRACT.md;reference-template-inventory.csv","EXCL-DEFENSE; AF-01","UXTEST-010 and route exclusion validation","contracted_future_visual_evidence_required"
"TR-REQ-010","BR-010","requirement","docs/phase-1-foundation/01-product-requirements.md;docs/phase-1-ux-architecture/traceability.csv","README.md;UI_REFERENCE_DESIGN_CONTRACT.md;reference-template-inventory.csv","Responsive/localization architecture","Responsive review verifies English launch and localization readiness","contracted_future_visual_evidence_required"
"TR-REQ-011","BR-011","requirement","docs/phase-1-foundation/01-product-requirements.md;docs/phase-1-ux-architecture/traceability.csv","README.md;UI_REFERENCE_DESIGN_CONTRACT.md;reference-template-inventory.csv","J-02; campus release sequence","UXTEST-038 verifies foundation prerequisite before wing ordinal 1","contracted_future_visual_evidence_required"
"TR-REQ-012","BR-012","requirement","docs/phase-1-foundation/01-product-requirements.md;docs/phase-1-ux-architecture/traceability.csv","README.md;UI_REFERENCE_DESIGN_CONTRACT.md;reference-template-inventory.csv","Campus release sequence; wing states","UXTEST-038 rejects out-of-order open wing","contracted_future_visual_evidence_required"
"TR-REQ-013","FR-001","requirement","docs/phase-1-foundation/01-product-requirements.md;docs/phase-1-ux-architecture/traceability.csv","foundation-route-coverage.csv;foundation-flow-coverage.csv;reference-template-inventory.csv","IA; service routes","UXTEST-001 through UXTEST-004","contracted_future_visual_evidence_required"
"TR-REQ-014","FR-002","requirement","docs/phase-1-foundation/01-product-requirements.md;docs/phase-1-ux-architecture/traceability.csv","foundation-route-coverage.csv;foundation-flow-coverage.csv;reference-template-inventory.csv","J-02; DF-01","UXTEST-003 checksum parity","contracted_future_visual_evidence_required"
"TR-REQ-015","FR-003","requirement","docs/phase-1-foundation/01-product-requirements.md;docs/phase-1-ux-architecture/traceability.csv","foundation-route-coverage.csv;foundation-flow-coverage.csv;reference-template-inventory.csv","J-02","UXTEST-005 and UXTEST-007","contracted_future_visual_evidence_required"
"TR-REQ-016","FR-004","requirement","docs/phase-1-foundation/01-product-requirements.md;docs/phase-1-ux-architecture/traceability.csv","foundation-route-coverage.csv;foundation-flow-coverage.csv;reference-template-inventory.csv","BF-01A","UXTEST-014 UXTEST-015 and UXTEST-045 prove exact six data fields plus one consent record","contracted_future_visual_evidence_required"
"TR-REQ-017","FR-005","requirement","docs/phase-1-foundation/01-product-requirements.md;docs/phase-1-ux-architecture/traceability.csv","foundation-route-coverage.csv;foundation-flow-coverage.csv;reference-template-inventory.csv","J-01; BF-01","UXTEST-004","contracted_future_visual_evidence_required"
"TR-REQ-018","FR-006","requirement","docs/phase-1-foundation/01-product-requirements.md;docs/phase-1-ux-architecture/traceability.csv","foundation-route-coverage.csv;foundation-flow-coverage.csv;reference-template-inventory.csv","BF-01C","UXTEST-017","contracted_future_visual_evidence_required"
"TR-REQ-019","FR-007","requirement","docs/phase-1-foundation/01-product-requirements.md;docs/phase-1-ux-architecture/traceability.csv","foundation-route-coverage.csv;foundation-flow-coverage.csv;reference-template-inventory.csv","BF-01D; ACT-28/29","UXTEST-018 and UXTEST-019","contracted_future_visual_evidence_required"
"TR-REQ-020","FR-008","requirement","docs/phase-1-foundation/01-product-requirements.md;docs/phase-1-ux-architecture/traceability.csv","foundation-route-coverage.csv;foundation-flow-coverage.csv;reference-template-inventory.csv","AF-01","UXTEST-009","contracted_future_visual_evidence_required"
"TR-REQ-021","FR-009","requirement","docs/phase-1-foundation/01-product-requirements.md;docs/phase-1-ux-architecture/traceability.csv","foundation-route-coverage.csv;foundation-flow-coverage.csv;reference-template-inventory.csv","AF-02","UXTEST-012","contracted_future_visual_evidence_required"
"TR-REQ-022","FR-010","requirement","docs/phase-1-foundation/01-product-requirements.md;docs/phase-1-ux-architecture/traceability.csv","foundation-route-coverage.csv;foundation-flow-coverage.csv;reference-template-inventory.csv","AF-02; SOF-01; ACT-41 through ACT-53","UXTEST-012 and UXTEST-031 through UXTEST-037","contracted_future_visual_evidence_required"
"TR-REQ-023","FR-011","requirement","docs/phase-1-foundation/01-product-requirements.md;docs/phase-1-ux-architecture/traceability.csv","foundation-route-coverage.csv;foundation-flow-coverage.csv;reference-template-inventory.csv","AF-02","UXTEST-013","contracted_future_visual_evidence_required"
"TR-REQ-024","FR-012","requirement","docs/phase-1-foundation/01-product-requirements.md;docs/phase-1-ux-architecture/traceability.csv","foundation-route-coverage.csv;foundation-flow-coverage.csv;reference-template-inventory.csv","FV-01","UXTEST-005","contracted_future_visual_evidence_required"
"TR-REQ-025","FR-013","requirement","docs/phase-1-foundation/01-product-requirements.md;docs/phase-1-ux-architecture/traceability.csv","foundation-route-coverage.csv;foundation-flow-coverage.csv;reference-template-inventory.csv","RV-01","UXTEST-006","contracted_future_visual_evidence_required"
"TR-REQ-026","FR-014","requirement","docs/phase-1-foundation/01-product-requirements.md;docs/phase-1-ux-architecture/traceability.csv","foundation-route-coverage.csv;foundation-flow-coverage.csv;reference-template-inventory.csv","DF-01","UXTEST-008 and UXTEST-021","contracted_future_visual_evidence_required"
"TR-REQ-027","FR-015","requirement","docs/phase-1-foundation/01-product-requirements.md;docs/phase-1-ux-architecture/traceability.csv","foundation-route-coverage.csv;foundation-flow-coverage.csv;reference-template-inventory.csv","Implementation boundary","No API change; later contract/deprecation tests","contracted_future_visual_evidence_required"
"TR-REQ-028","FR-016","requirement","docs/phase-1-foundation/01-product-requirements.md;docs/phase-1-ux-architecture/traceability.csv","foundation-route-coverage.csv;foundation-flow-coverage.csv;reference-template-inventory.csv","AF/BF/PF/SOF flows; staff IA; dependency matrix","UXTEST-031 through UXTEST-037 plus later interface contracts map every named capability/failure","contracted_future_visual_evidence_required"
"TR-REQ-029","FR-017","requirement","docs/phase-1-foundation/01-product-requirements.md;docs/phase-1-ux-architecture/traceability.csv","foundation-route-coverage.csv;foundation-flow-coverage.csv;reference-template-inventory.csv","All content families; CN rows","UXTEST-002 and prelaunch inventory review","contracted_future_visual_evidence_required"
"TR-REQ-030","FR-018","requirement","docs/phase-1-foundation/01-product-requirements.md;docs/phase-1-ux-architecture/traceability.csv","foundation-route-coverage.csv;foundation-flow-coverage.csv;reference-template-inventory.csv","CN-006","Editorial operations later verify cadence without filler","contracted_future_visual_evidence_required"
"TR-REQ-031","FR-019","requirement","docs/phase-1-foundation/01-product-requirements.md;docs/phase-1-ux-architecture/traceability.csv","foundation-route-coverage.csv;foundation-flow-coverage.csv;reference-template-inventory.csv","BF-01B","UXTEST-016","contracted_future_visual_evidence_required"
"TR-REQ-032","SEO-001","requirement","docs/phase-1-foundation/01-product-requirements.md;docs/phase-1-ux-architecture/traceability.csv","foundation-route-coverage.csv;foundation-flow-coverage.csv;UI_REFERENCE_DESIGN_CONTRACT.md","J-01; parity invariant","UXTEST-001","contracted_future_visual_evidence_required"
"TR-REQ-033","SEO-002","requirement","docs/phase-1-foundation/01-product-requirements.md;docs/phase-1-ux-architecture/traceability.csv","foundation-route-coverage.csv;foundation-flow-coverage.csv;UI_REFERENCE_DESIGN_CONTRACT.md","All route paths","Route validator checks unique lowercase paths; host gate MA-008","contracted_future_visual_evidence_required"
"TR-REQ-034","SEO-003","requirement","docs/phase-1-foundation/01-product-requirements.md;docs/phase-1-ux-architecture/traceability.csv","foundation-route-coverage.csv;foundation-flow-coverage.csv;UI_REFERENCE_DESIGN_CONTRACT.md","Nine exclusions","UXTEST-002 and exclusion validator","contracted_future_visual_evidence_required"
"TR-REQ-035","SEO-004","requirement","docs/phase-1-foundation/01-product-requirements.md;docs/phase-1-ux-architecture/traceability.csv","foundation-route-coverage.csv;foundation-flow-coverage.csv;UI_REFERENCE_DESIGN_CONTRACT.md","33 routes","UXTEST-002","contracted_future_visual_evidence_required"
"TR-REQ-036","SEO-005","requirement","docs/phase-1-foundation/01-product-requirements.md;docs/phase-1-ux-architecture/traceability.csv","foundation-route-coverage.csv;foundation-flow-coverage.csv;UI_REFERENCE_DESIGN_CONTRACT.md","PF-01","UXTEST-028 and UXTEST-029 plus later page validation","contracted_future_visual_evidence_required"
"TR-REQ-037","SEO-006","requirement","docs/phase-1-foundation/01-product-requirements.md;docs/phase-1-ux-architecture/traceability.csv","foundation-route-coverage.csv;foundation-flow-coverage.csv;UI_REFERENCE_DESIGN_CONTRACT.md","Content components","Visible-evidence/schema parity later tested","contracted_future_visual_evidence_required"
"TR-REQ-038","SEO-007","requirement","docs/phase-1-foundation/01-product-requirements.md;docs/phase-1-ux-architecture/traceability.csv","foundation-route-coverage.csv;foundation-flow-coverage.csv;UI_REFERENCE_DESIGN_CONTRACT.md","Every route representation; J-02","UXTEST-003","contracted_future_visual_evidence_required"
"TR-REQ-039","SEO-008","requirement","docs/phase-1-foundation/01-product-requirements.md;docs/phase-1-ux-architecture/traceability.csv","foundation-route-coverage.csv;foundation-flow-coverage.csv;UI_REFERENCE_DESIGN_CONTRACT.md","ACT-02; publication matrix","UXTEST-002 and UXTEST-029","contracted_future_visual_evidence_required"
"TR-REQ-040","SEO-009","requirement","docs/phase-1-foundation/01-product-requirements.md;docs/phase-1-ux-architecture/traceability.csv","foundation-route-coverage.csv;foundation-flow-coverage.csv;UI_REFERENCE_DESIGN_CONTRACT.md","CN-001; CN-013","Entity evidence review; MA-002/008/009","contracted_future_visual_evidence_required"
"TR-REQ-041","SEO-010","requirement","docs/phase-1-foundation/01-product-requirements.md;docs/phase-1-ux-architecture/traceability.csv","foundation-route-coverage.csv;foundation-flow-coverage.csv;UI_REFERENCE_DESIGN_CONTRACT.md","Responsive/localization architecture","No hreflang or language selector invented","contracted_future_visual_evidence_required"
"TR-REQ-042","SEO-011","requirement","docs/phase-1-foundation/01-product-requirements.md;docs/phase-1-ux-architecture/traceability.csv","foundation-route-coverage.csv;foundation-flow-coverage.csv;UI_REFERENCE_DESIGN_CONTRACT.md","PF-01","UXTEST-027/028","contracted_future_visual_evidence_required"
"TR-REQ-043","SEO-012","requirement","docs/phase-1-foundation/01-product-requirements.md;docs/phase-1-ux-architecture/traceability.csv","foundation-route-coverage.csv;foundation-flow-coverage.csv;UI_REFERENCE_DESIGN_CONTRACT.md","Scope; content gates","Content review; no growth tactic invented","contracted_future_visual_evidence_required"
"TR-REQ-044","SEO-013","requirement","docs/phase-1-foundation/01-product-requirements.md;docs/phase-1-ux-architecture/traceability.csv","foundation-route-coverage.csv;foundation-flow-coverage.csv;UI_REFERENCE_DESIGN_CONTRACT.md","Out of UX scope; policy gate","No production crawler directive selected","contracted_future_visual_evidence_required"
"TR-REQ-045","PUB-001","requirement","docs/phase-1-foundation/01-product-requirements.md;docs/phase-1-ux-architecture/traceability.csv","foundation-flow-coverage.csv;reference-template-inventory.csv;UI_REFERENCE_DESIGN_CONTRACT.md","PF-01","UXTEST-003/028/029","contracted_future_visual_evidence_required"
"TR-REQ-046","PUB-002","requirement","docs/phase-1-foundation/01-product-requirements.md;docs/phase-1-ux-architecture/traceability.csv","foundation-flow-coverage.csv;reference-template-inventory.csv;UI_REFERENCE_DESIGN_CONTRACT.md","PF-01","UXTEST-027/029","contracted_future_visual_evidence_required"
"TR-REQ-047","PUB-003","requirement","docs/phase-1-foundation/01-product-requirements.md;docs/phase-1-ux-architecture/traceability.csv","foundation-flow-coverage.csv;reference-template-inventory.csv;UI_REFERENCE_DESIGN_CONTRACT.md","PF-01","UXTEST-027","contracted_future_visual_evidence_required"
"TR-REQ-048","PUB-004","requirement","docs/phase-1-foundation/01-product-requirements.md;docs/phase-1-ux-architecture/traceability.csv","foundation-flow-coverage.csv;reference-template-inventory.csv;UI_REFERENCE_DESIGN_CONTRACT.md","PF-01; EXCL-NONPUBLIC-PUBLICATION","UXTEST-028","contracted_future_visual_evidence_required"
"TR-REQ-049","PUB-005","requirement","docs/phase-1-foundation/01-product-requirements.md;docs/phase-1-ux-architecture/traceability.csv","foundation-flow-coverage.csv;reference-template-inventory.csv;UI_REFERENCE_DESIGN_CONTRACT.md","PF-01; ACT-38/39","UXTEST-029","contracted_future_visual_evidence_required"
"TR-REQ-050","PUB-006","requirement","docs/phase-1-foundation/01-product-requirements.md;docs/phase-1-ux-architecture/traceability.csv","foundation-flow-coverage.csv;reference-template-inventory.csv;UI_REFERENCE_DESIGN_CONTRACT.md","CN-002 through CN-008","UXTEST-026 and publication validation","contracted_future_visual_evidence_required"
"TR-REQ-051","PUB-007","requirement","docs/phase-1-foundation/01-product-requirements.md;docs/phase-1-ux-architecture/traceability.csv","foundation-flow-coverage.csv;reference-template-inventory.csv;UI_REFERENCE_DESIGN_CONTRACT.md","J-04; cross-links","UXTEST-003 and UXTEST-026","contracted_future_visual_evidence_required"
"TR-REQ-052","UX-001","requirement","docs/phase-1-foundation/01-product-requirements.md;docs/phase-1-ux-architecture/traceability.csv","README.md;UI_REFERENCE_DESIGN_CONTRACT.md;reference-template-inventory.csv;responsive-state-mode-matrix.csv;foundation-route-coverage.csv;foundation-flow-coverage.csv;design-batch-plan.csv","Normative WCAG 2.2 Level AA target for every applicable full page and complete process including represented third-party steps; explicit no-current-conformance disclaimer; BP-NFR-006; TL-REMOVABLE-ADJUSTABLE;TL-WARN-EXTEND;TL-EXCEPTION;TL-NOT-APPLICABLE","Every B01-B09 gate receives independent design and accessibility review against the target; later implementation and assistive-technology evidence is required before any conformance claim","contracted_future_visual_evidence_required"
"TR-REQ-053","UX-002","requirement","docs/phase-1-foundation/01-product-requirements.md;docs/phase-1-ux-architecture/traceability.csv","reference-template-inventory.csv;responsive-state-mode-matrix.csv;foundation-flow-coverage.csv","J-01/J-02; 33 representations","UXTEST-003/004/007","contracted_future_visual_evidence_required"
"TR-REQ-054","UX-003","requirement","docs/phase-1-foundation/01-product-requirements.md;docs/phase-1-ux-architecture/traceability.csv","reference-template-inventory.csv;responsive-state-mode-matrix.csv;foundation-flow-coverage.csv","Accessibility; action contracts","UXTEST-021/022","contracted_future_visual_evidence_required"
"TR-REQ-055","UX-004","requirement","docs/phase-1-foundation/01-product-requirements.md;docs/phase-1-ux-architecture/traceability.csv","reference-template-inventory.csv;responsive-state-mode-matrix.csv;foundation-flow-coverage.csv","FV-01; accessibility","UXTEST-005/025","contracted_future_visual_evidence_required"
"TR-REQ-056","UX-005","requirement","docs/phase-1-foundation/01-product-requirements.md;docs/phase-1-ux-architecture/traceability.csv","README.md;UI_REFERENCE_DESIGN_CONTRACT.md;foundation-route-coverage.csv;foundation-flow-coverage.csv;reference-template-inventory.csv;responsive-state-mode-matrix.csv;design-batch-plan.csv","BP-NFR-006;semantic Quick Access for clients below Safari/iOS 16.4 floor or otherwise unsupported","UXTEST-007;UXTEST-025;Safari/iOS 16.4 input layout virtual-keyboard safe-area evidence; unsupported-client semantic Quick Access recovery","contracted_future_visual_evidence_required"
"TR-REQ-057","UX-006","requirement","docs/phase-1-foundation/01-product-requirements.md;docs/phase-1-ux-architecture/traceability.csv","reference-template-inventory.csv;responsive-state-mode-matrix.csv;foundation-flow-coverage.csv","J-02","UXTEST-003/021","contracted_future_visual_evidence_required"
"TR-REQ-058","UX-007","requirement","docs/phase-1-foundation/01-product-requirements.md;docs/phase-1-ux-architecture/traceability.csv","reference-template-inventory.csv;responsive-state-mode-matrix.csv;foundation-flow-coverage.csv","FV-01; ACT-10","UXTEST-013/025","contracted_future_visual_evidence_required"
"TR-REQ-059","UX-008","requirement","docs/phase-1-foundation/01-product-requirements.md;docs/phase-1-ux-architecture/traceability.csv","reference-template-inventory.csv;responsive-state-mode-matrix.csv;foundation-flow-coverage.csv","Formal service and concise sign mappings","UXTEST-002/003/038","contracted_future_visual_evidence_required"
"TR-REQ-060","UX-009","requirement","docs/phase-1-foundation/01-product-requirements.md;docs/phase-1-ux-architecture/traceability.csv","reference-template-inventory.csv;responsive-state-mode-matrix.csv;foundation-flow-coverage.csv","Boundary; CN-012","Scope scan shows no GLB write/reuse","contracted_future_visual_evidence_required"
"TR-REQ-061","UX-010","requirement","docs/phase-1-foundation/01-product-requirements.md;docs/phase-1-ux-architecture/traceability.csv","reference-template-inventory.csv;responsive-state-mode-matrix.csv;foundation-flow-coverage.csv","CN-012","MA-004 and later 3D specification/approval","contracted_future_visual_evidence_required"
"TR-REQ-062","UX-011","requirement","docs/phase-1-foundation/01-product-requirements.md;docs/phase-1-ux-architecture/traceability.csv","reference-template-inventory.csv;responsive-state-mode-matrix.csv;foundation-flow-coverage.csv","Progressive enhancement boundary","UXTEST-001/003/007","contracted_future_visual_evidence_required"
"TR-REQ-063","AI-001","requirement","docs/phase-1-foundation/01-product-requirements.md;docs/phase-1-ux-architecture/traceability.csv","foundation-flow-coverage.csv;reference-template-inventory.csv;responsive-state-mode-matrix.csv","AF-01","UXTEST-010/011/028","contracted_future_visual_evidence_required"
"TR-REQ-064","AI-002","requirement","docs/phase-1-foundation/01-product-requirements.md;docs/phase-1-ux-architecture/traceability.csv","foundation-flow-coverage.csv;reference-template-inventory.csv;responsive-state-mode-matrix.csv","AF-01","UXTEST-010/022","contracted_future_visual_evidence_required"
"TR-REQ-065","AI-003","requirement","docs/phase-1-foundation/01-product-requirements.md;docs/phase-1-ux-architecture/traceability.csv","foundation-flow-coverage.csv;reference-template-inventory.csv;responsive-state-mode-matrix.csv","AF-01","UXTEST-010","contracted_future_visual_evidence_required"
"TR-REQ-066","AI-004","requirement","docs/phase-1-foundation/01-product-requirements.md;docs/phase-1-ux-architecture/traceability.csv","foundation-flow-coverage.csv;reference-template-inventory.csv;responsive-state-mode-matrix.csv","AF-01","UXTEST-010","contracted_future_visual_evidence_required"
"TR-REQ-067","AI-005","requirement","docs/phase-1-foundation/01-product-requirements.md;docs/phase-1-ux-architecture/traceability.csv","foundation-flow-coverage.csv;reference-template-inventory.csv;responsive-state-mode-matrix.csv","AI dependency states","Provider policy tests later; no provider selected","contracted_future_visual_evidence_required"
"TR-REQ-068","AI-006","requirement","docs/phase-1-foundation/01-product-requirements.md;docs/phase-1-ux-architecture/traceability.csv","foundation-flow-coverage.csv;reference-template-inventory.csv;responsive-state-mode-matrix.csv","AF-01; AI dependency states","Data-policy route/refusal tests","contracted_future_visual_evidence_required"
"TR-REQ-069","AI-007","requirement","docs/phase-1-foundation/01-product-requirements.md;docs/phase-1-ux-architecture/traceability.csv","foundation-flow-coverage.csv;reference-template-inventory.csv;responsive-state-mode-matrix.csv","CN-010","MA-007 entitlement/policy evidence","contracted_future_visual_evidence_required"
"TR-REQ-070","AI-008","requirement","docs/phase-1-foundation/01-product-requirements.md;docs/phase-1-ux-architecture/traceability.csv","foundation-flow-coverage.csv;reference-template-inventory.csv;responsive-state-mode-matrix.csv","AF-01","UXTEST-010 adversarial cases","contracted_future_visual_evidence_required"
"TR-REQ-071","AI-009","requirement","docs/phase-1-foundation/01-product-requirements.md;docs/phase-1-ux-architecture/traceability.csv","foundation-flow-coverage.csv;reference-template-inventory.csv;responsive-state-mode-matrix.csv","AF-01","UXTEST-009/010 identifies AI","contracted_future_visual_evidence_required"
"TR-REQ-072","DATA-001","requirement","docs/phase-1-foundation/01-product-requirements.md;docs/phase-1-ux-architecture/traceability.csv","foundation-flow-coverage.csv;reference-template-inventory.csv;UI_REFERENCE_DESIGN_CONTRACT.md","PostgreSQL/API state","Failure test rejects silent alternate truth","contracted_future_visual_evidence_required"
"TR-REQ-073","DATA-002","requirement","docs/phase-1-foundation/01-product-requirements.md;docs/phase-1-ux-architecture/traceability.csv","foundation-flow-coverage.csv;reference-template-inventory.csv;UI_REFERENCE_DESIGN_CONTRACT.md","Redis/search/publication states","Rebuild/degraded tests preserve durable truth","contracted_future_visual_evidence_required"
"TR-REQ-074","DATA-003","requirement","docs/phase-1-foundation/01-product-requirements.md;docs/phase-1-ux-architecture/traceability.csv","foundation-flow-coverage.csv;reference-template-inventory.csv;UI_REFERENCE_DESIGN_CONTRACT.md","Journey invariants; AF/BF","UXTEST-009/014 find no account/upload","contracted_future_visual_evidence_required"
"TR-REQ-075","DATA-004","requirement","docs/phase-1-foundation/01-product-requirements.md;docs/phase-1-ux-architecture/traceability.csv","foundation-flow-coverage.csv;reference-template-inventory.csv;UI_REFERENCE_DESIGN_CONTRACT.md","AF-01","UXTEST-009","contracted_future_visual_evidence_required"
"TR-REQ-076","DATA-005","requirement","docs/phase-1-foundation/01-product-requirements.md;docs/phase-1-ux-architecture/traceability.csv","foundation-flow-coverage.csv;reference-template-inventory.csv;UI_REFERENCE_DESIGN_CONTRACT.md","CN-015","Clock tests only after record-class matrix","contracted_future_visual_evidence_required"
"TR-REQ-077","DATA-006","requirement","docs/phase-1-foundation/01-product-requirements.md;docs/phase-1-ux-architecture/traceability.csv","foundation-flow-coverage.csv;reference-template-inventory.csv;UI_REFERENCE_DESIGN_CONTRACT.md","Retention state; CN-015","UXTEST-030 keeps unmapped deletion pending","contracted_future_visual_evidence_required"
"TR-REQ-078","DATA-007","requirement","docs/phase-1-foundation/01-product-requirements.md;docs/phase-1-ux-architecture/traceability.csv","foundation-flow-coverage.csv;reference-template-inventory.csv;UI_REFERENCE_DESIGN_CONTRACT.md","AF-01","Provider/config audit and UXTEST-009","contracted_future_visual_evidence_required"
"TR-REQ-079","DATA-008","requirement","docs/phase-1-foundation/01-product-requirements.md;docs/phase-1-ux-architecture/traceability.csv","foundation-flow-coverage.csv;reference-template-inventory.csv;UI_REFERENCE_DESIGN_CONTRACT.md","Minimal envelope","UXTEST-030 payload inspection","contracted_future_visual_evidence_required"
"TR-REQ-080","DATA-009","requirement","docs/phase-1-foundation/01-product-requirements.md;docs/phase-1-ux-architecture/traceability.csv","foundation-flow-coverage.csv;reference-template-inventory.csv;UI_REFERENCE_DESIGN_CONTRACT.md","CN-015; human gates","MA-002/011 matrix approval required","contracted_future_visual_evidence_required"
"TR-REQ-081","DATA-010","requirement","docs/phase-1-foundation/01-product-requirements.md;docs/phase-1-ux-architecture/traceability.csv","foundation-flow-coverage.csv;reference-template-inventory.csv;UI_REFERENCE_DESIGN_CONTRACT.md","AF/BF/PF; action matrix","UXTEST-018/019/029","contracted_future_visual_evidence_required"
"TR-REQ-082","SEC-001","requirement","docs/phase-1-foundation/01-product-requirements.md;docs/phase-1-ux-architecture/traceability.csv","UI_REFERENCE_DESIGN_CONTRACT.md;foundation-flow-coverage.csv;reference-template-inventory.csv","PF-01 staff branches","UXTEST-027","contracted_future_visual_evidence_required"
"TR-REQ-083","SEC-002","requirement","docs/phase-1-foundation/01-product-requirements.md;docs/phase-1-ux-architecture/traceability.csv","UI_REFERENCE_DESIGN_CONTRACT.md;foundation-flow-coverage.csv;reference-template-inventory.csv","PF-01 staff branches","Negative server authorization tests","contracted_future_visual_evidence_required"
"TR-REQ-084","SEC-003","requirement","docs/phase-1-foundation/01-product-requirements.md;docs/phase-1-ux-architecture/traceability.csv","UI_REFERENCE_DESIGN_CONTRACT.md;foundation-flow-coverage.csv;reference-template-inventory.csv","Staff session branch","Later security specification; no credential value","contracted_future_visual_evidence_required"
"TR-REQ-085","SEC-004","requirement","docs/phase-1-foundation/01-product-requirements.md;docs/phase-1-ux-architecture/traceability.csv","UI_REFERENCE_DESIGN_CONTRACT.md;foundation-flow-coverage.csv;reference-template-inventory.csv","Staff auth/session state","Clock-controlled session tests later","contracted_future_visual_evidence_required"
"TR-REQ-086","SEC-005","requirement","docs/phase-1-foundation/01-product-requirements.md;docs/phase-1-ux-architecture/traceability.csv","UI_REFERENCE_DESIGN_CONTRACT.md;foundation-flow-coverage.csv;reference-template-inventory.csv","Staff branches; ACT-33","CSRF/logout negative tests later","contracted_future_visual_evidence_required"
"TR-REQ-087","SEC-006","requirement","docs/phase-1-foundation/01-product-requirements.md;docs/phase-1-ux-architecture/traceability.csv","UI_REFERENCE_DESIGN_CONTRACT.md;foundation-flow-coverage.csv;reference-template-inventory.csv","Redis/challenge states","Distributed limit tests later; exact booking limits unresolved","contracted_future_visual_evidence_required"
"TR-REQ-088","SEC-007","requirement","docs/phase-1-foundation/01-product-requirements.md;docs/phase-1-ux-architecture/traceability.csv","UI_REFERENCE_DESIGN_CONTRACT.md;foundation-flow-coverage.csv;reference-template-inventory.csv","System states","Later security/accessibility review; no policy weakened","contracted_future_visual_evidence_required"
"TR-REQ-089","SEC-008","requirement","docs/phase-1-foundation/01-product-requirements.md;docs/phase-1-ux-architecture/traceability.csv","UI_REFERENCE_DESIGN_CONTRACT.md;foundation-flow-coverage.csv;reference-template-inventory.csv","Boundary; analytics envelope","Validator secret-like scan","contracted_future_visual_evidence_required"
"TR-REQ-090","SEC-009","requirement","docs/phase-1-foundation/01-product-requirements.md;docs/phase-1-ux-architecture/traceability.csv","UI_REFERENCE_DESIGN_CONTRACT.md;foundation-flow-coverage.csv;reference-template-inventory.csv","Human gates","Dated independent legal/security review before public gate","contracted_future_visual_evidence_required"
"TR-REQ-091","SEC-010","requirement","docs/phase-1-foundation/01-product-requirements.md;docs/phase-1-ux-architecture/traceability.csv","UI_REFERENCE_DESIGN_CONTRACT.md;foundation-flow-coverage.csv;reference-template-inventory.csv","Exclusion/no credential work","No credential generated or documented","contracted_future_visual_evidence_required"
"TR-REQ-092","NFR-001","requirement","docs/phase-1-foundation/01-product-requirements.md;docs/phase-1-ux-architecture/traceability.csv","responsive-state-mode-matrix.csv;UI_REFERENCE_DESIGN_CONTRACT.md;design-batch-plan.csv","Semantic path","Later Quick Access LCP/INP/CLS evidence","contracted_future_visual_evidence_required"
"TR-REQ-093","NFR-002","requirement","docs/phase-1-foundation/01-product-requirements.md;docs/phase-1-ux-architecture/traceability.csv","responsive-state-mode-matrix.csv;UI_REFERENCE_DESIGN_CONTRACT.md;design-batch-plan.csv","J-02 failure recovery","Later transfer manifest and fallback test","contracted_future_visual_evidence_required"
"TR-REQ-094","NFR-003","requirement","docs/phase-1-foundation/01-product-requirements.md;docs/phase-1-ux-architecture/traceability.csv","responsive-state-mode-matrix.csv;UI_REFERENCE_DESIGN_CONTRACT.md;design-batch-plan.csv","Acceptance evidence boundary","Later load test; no UI target invented","contracted_future_visual_evidence_required"
"TR-REQ-095","NFR-004","requirement","docs/phase-1-foundation/01-product-requirements.md;docs/phase-1-ux-architecture/traceability.csv","responsive-state-mode-matrix.csv;UI_REFERENCE_DESIGN_CONTRACT.md;design-batch-plan.csv","Dependency states","Later SLI/SLO test; outage recovery preserves direct path","contracted_future_visual_evidence_required"
"TR-REQ-096","NFR-005","requirement","docs/phase-1-foundation/01-product-requirements.md;docs/phase-1-ux-architecture/traceability.csv","responsive-state-mode-matrix.csv;UI_REFERENCE_DESIGN_CONTRACT.md;design-batch-plan.csv","Recovery priority","Later recovery drill; adequacy remains risk","contracted_future_visual_evidence_required"
"TR-REQ-097","NFR-006","requirement","docs/phase-1-foundation/01-product-requirements.md;docs/phase-1-ux-architecture/traceability.csv","README.md;UI_REFERENCE_DESIGN_CONTRACT.md;foundation-route-coverage.csv;foundation-flow-coverage.csv;reference-template-inventory.csv;responsive-state-mode-matrix.csv;design-batch-plan.csv","BP-NFR-006 applied to every route flow template profile and B01-B09 batch; latest two stable Chrome Edge Firefox Safari release families at dated QA; Safari/iOS 16.4 minimum legacy floor","Dated later QA selects exact then-current versions and proves representative evergreen coverage Safari/iOS 16.4 mobile layout input virtual-keyboard safe-area behavior plus below-floor and otherwise-unsupported semantic Quick Access recovery","contracted_future_visual_evidence_required"
"TR-REQ-098","NFR-007","requirement","docs/phase-1-foundation/01-product-requirements.md;docs/phase-1-ux-architecture/traceability.csv","responsive-state-mode-matrix.csv;UI_REFERENCE_DESIGN_CONTRACT.md;design-batch-plan.csv","Low-power/degradation","Numerical device targets remain later approval","contracted_future_visual_evidence_required"
"TR-REQ-099","NFR-008","requirement","docs/phase-1-foundation/01-product-requirements.md;docs/phase-1-ux-architecture/traceability.csv","responsive-state-mode-matrix.csv;UI_REFERENCE_DESIGN_CONTRACT.md;design-batch-plan.csv","J-02; FV-01","UXTEST-005","contracted_future_visual_evidence_required"
"TR-REQ-100","NFR-A11Y-001","requirement","docs/active/Hengshi_Design_SRS_v3.md","foundation-route-coverage.csv;foundation-flow-coverage.csv;reference-template-inventory.csv;responsive-state-mode-matrix.csv;component-primitives.csv;design-batch-plan.csv","DS-S-HIGH;DS-S-MEDIUM;DS-S-LOW;DS-S-SEMANTIC;BP-NFR-006","WCAG 2.2 Level AA is the normative target for every applicable full page and complete process including represented third-party steps; no current visual or implemented conformance is claimed and design annotation alone cannot establish it","contracted_future_visual_evidence_required"
"TR-REQ-101","NFR-A11Y-002","requirement","docs/active/Hengshi_Design_SRS_v3.md","foundation-route-coverage.csv;foundation-flow-coverage.csv;reference-template-inventory.csv;responsive-state-mode-matrix.csv;component-primitives.csv;design-batch-plan.csv","DS-S-HIGH;DS-S-MEDIUM;DS-S-LOW;DS-S-SEMANTIC","Conformance holds independently within each stream: contrast focus order and target size are measured against that stream own rendering and aggregate evidence across streams does not satisfy the obligation. A-06 forbids one obligation naming more than one stream","contracted_future_visual_evidence_required"
"TR-REQ-102","NFR-A11Y-003","requirement","docs/active/Hengshi_Design_SRS_v3.md","foundation-route-coverage.csv;foundation-flow-coverage.csv;reference-template-inventory.csv;responsive-state-mode-matrix.csv;component-primitives.csv;design-batch-plan.csv","DS-S-SEMANTIC;TPL-QUICK-ACCESS-RECOVERY","S-SEMANTIC carries the equivalent core journey end to end and is never framed as an error surface an optional extra or a fallback; the A-16 framing guard scans the design UX and production packages for that vocabulary","contracted_future_visual_evidence_required"
"TR-REQ-103","NFR-A11Y-004","requirement","docs/active/Hengshi_Design_SRS_v3.md","foundation-route-coverage.csv;foundation-flow-coverage.csv;reference-template-inventory.csv;responsive-state-mode-matrix.csv;component-primitives.csv;design-batch-plan.csv","COV-ACT-09;PRIM-001;TPL-GLOBAL-NAVIGATION;TPL-WORLD-HUD;TPL-QUICK-ACCESS-RECOVERY;PRIM-042;PRIM-043;PRIM-044;B01","Required evidence: stream control present discoverable and keyboard operable in every stream; group accessible name identifies the delivery stream control and reports the in-force stream while the checked radio reports the pending selection; Apply has a distinct accessible name stating it applies the selection; persistent visible text inside the fieldset before Apply in both DOM reading order and visual order and programmatically associated with both the group and the Apply button; not tooltip title hover-only focus-only or accessible-description-only; same wording in every stream explains that applying the pending selection re-enters the experience while preserving the current location; verify guidance before operation for sighted mouse users keyboard users without assistive technology screen-reader users and screen-magnifier users at 400% zoom; exact public copy remains gated; UXTEST-046 execution evidence remains required","contracted_future_visual_evidence_required"
"TR-REQ-104","NFR-A11Y-005","requirement","docs/active/Hengshi_Design_SRS_v3.md","foundation-route-coverage.csv;foundation-flow-coverage.csv;reference-template-inventory.csv;responsive-state-mode-matrix.csv;component-primitives.csv;design-batch-plan.csv","DS-S-HIGH;DS-S-MEDIUM;DS-S-LOW;TPL-WORLD-SHELL;TPL-WORLD-HUD","Every interactive 3D state carries a non-colour non-motion cue and a persistent keyboard focus indicator at or above 3 to 1 against every adjacent scene colour measured per stream; the design system currently has no token for this ring and the gap is an open risk under gate G-6","contracted_future_visual_evidence_required"
"TR-REQ-105","NFR-A11Y-006","requirement","docs/active/Hengshi_Design_SRS_v3.md","foundation-route-coverage.csv;foundation-flow-coverage.csv;reference-template-inventory.csv;responsive-state-mode-matrix.csv;component-primitives.csv;design-batch-plan.csv","MP-REDUCED-MOTION;DS-S-HIGH;DS-S-MEDIUM;DS-S-LOW;DS-S-SEMANTIC","The prefers-reduced-motion suppression list is exhaustive and normative and anything not enumerated continues to run; reduced motion asks for reduced motion not reduced content and never changes the stream in force","contracted_future_visual_evidence_required"
"TR-REQ-106","NFR-A11Y-007","requirement","docs/active/Hengshi_Design_SRS_v3.md","foundation-route-coverage.csv;foundation-flow-coverage.csv;reference-template-inventory.csv;responsive-state-mode-matrix.csv;component-primitives.csv;design-batch-plan.csv","MA-024;MA-029","Independent accessibility review precedes any phase acceptance and the producer does not approve their own material output under Constitution 2.0.0 section VII; MA-029 is awaiting human and R-035 cannot be closed by the producer","contracted_future_visual_evidence_required"
"TR-REQ-107","FR-3D-010","requirement","docs/active/Hengshi_Design_SRS_v3.md","foundation-route-coverage.csv;foundation-flow-coverage.csv;reference-template-inventory.csv;responsive-state-mode-matrix.csv;component-primitives.csv;design-batch-plan.csv","DS-S-SEMANTIC;TPL-QUICK-ACCESS-RECOVERY","S-SEMANTIC is a peer surface at P0 carrying the core journey without WebGL; it was priority P2 and titled a fallback before D-039 and that framing is now a regression","contracted_future_visual_evidence_required"
"TR-REQ-108","FR-3D-011","requirement","docs/active/Hengshi_Design_SRS_v3.md","foundation-route-coverage.csv;foundation-flow-coverage.csv;reference-template-inventory.csv;responsive-state-mode-matrix.csv;component-primitives.csv;design-batch-plan.csv","DS-S-HIGH;DS-S-MEDIUM;DS-S-LOW;DS-S-SEMANTIC","Four peer streams carry equivalent core journeys; stream presence is declared at the primitive computed at the template and inherited unstored by routes and flows so no record assigns it and A-01 fails if a stream column returns","contracted_future_visual_evidence_required"
"TR-REQ-109","FR-3D-012","requirement","docs/active/Hengshi_Design_SRS_v3.md","foundation-route-coverage.csv;foundation-flow-coverage.csv;reference-template-inventory.csv;responsive-state-mode-matrix.csv;component-primitives.csv;design-batch-plan.csv","DS-S-HIGH;DS-S-MEDIUM;DS-S-LOW;DS-S-SEMANTIC","Selection precedence per style guide 8.2.2: WebGL ceiling then hardwareConcurrency tiering then S-LOW unsignalled default then stored measurement applied only from the next visit then a reversible persisting user override; effectiveType prefers-reduced-data and deviceMemory are verified unusable and must not appear. Exact thresholds are uncertainty U-03","contracted_future_visual_evidence_required"
"TR-REQ-110","FR-3D-013","requirement","docs/active/Hengshi_Design_SRS_v3.md","foundation-route-coverage.csv;foundation-flow-coverage.csv;reference-template-inventory.csv;responsive-state-mode-matrix.csv;component-primitives.csv;design-batch-plan.csv","COV-ACT-09;STATE-STREAM-CHANGED;TPL-GLOBAL-NAVIGATION","The stream resolves once before first paint and changes only by the visitor own act; the change announces politely does not move focus within a shell and preserves scroll open panel and route. Across the semantic boundary focus moves to the destination shell stream control and never to the document body","contracted_future_visual_evidence_required"
"TR-REQ-111","FR-3D-014","requirement","docs/active/Hengshi_Design_SRS_v3.md","foundation-route-coverage.csv;foundation-flow-coverage.csv;reference-template-inventory.csv;responsive-state-mode-matrix.csv;component-primitives.csv;design-batch-plan.csv","PRIM-001;COV-ACT-09;STATE-PREFERENCE-WRITE-FAILED;PRIM-042;PRIM-043;PRIM-044;B01","Required evidence: four native radio inputs sharing one name inside a fieldset with a legend plus a separate always-present Apply submit button; arrow Tab pointer and touch selection changes only checked state without applying a stream reloading transitioning or other accessibility-tree changes; only explicit Apply activation or native Enter submission of the same form to that button applies the stream; never apply on focus selection blur arrow movement or timeout; streams above the capability ceiling remain present and disabled with a textual reason rather than hidden; preference write failure is explained without blocking under ACT-11 and the choice still applies for the session; UXTEST-046 execution evidence remains required","contracted_future_visual_evidence_required"
"TR-REQ-112","FR-3D-015","requirement","docs/active/Hengshi_Design_SRS_v3.md","foundation-route-coverage.csv;foundation-flow-coverage.csv;reference-template-inventory.csv;responsive-state-mode-matrix.csv;component-primitives.csv;design-batch-plan.csv","TPL-PUBLIC-HOME;PRIM-001;ACT-06","Stream selection and World entry are separate questions: the canvas is entered only on an explicit visitor action in every stream and ROUTE-HOME first frame is a non-World shell carrying the stream control including in S-HIGH. B01 evidence explicitly excludes Reception rooms hotspots and the HUD","contracted_future_visual_evidence_required"
"TR-REQ-113","FR-3D-016","requirement","docs/active/Hengshi_Design_SRS_v3.md","foundation-route-coverage.csv;foundation-flow-coverage.csv;reference-template-inventory.csv;responsive-state-mode-matrix.csv;component-primitives.csv;design-batch-plan.csv","SP-BOOKING;TPL-BOOKING-VERIFICATION;TPL-BOOKING-AVAILABILITY;COV-ACT-09","A stream change never discards booking process state; a held slot a verified email and entered values survive every boundary including the semantic one where state is rehydrated into the incoming shell before that shell is announced. Where it cannot be carried the change is refused and explained under ACT-11 and is never silently reset","contracted_future_visual_evidence_required"
"TR-ROUTE-001","ROUTE-HOME","route","docs/phase-1-foundation/06-canonical-route-inventory.json;docs/phase-1-ux-architecture/route-room-parity.csv","foundation-route-coverage.csv;reference-template-inventory.csv;responsive-state-mode-matrix.csv","INST-ROUTE-HOME;TPL-PUBLIC-HOME;/","Route sheet plus standard/narrow composition; full-name/category/promise/action stress; no proof-wall filler","route_instance_contracted_not_active"
"TR-ROUTE-002","ROUTE-SERVICES","route","docs/phase-1-foundation/06-canonical-route-inventory.json;docs/phase-1-ux-architecture/route-room-parity.csv","foundation-route-coverage.csv;reference-template-inventory.csv;responsive-state-mode-matrix.csv","INST-ROUTE-SERVICES;TPL-SERVICE-COLLECTION;/services","Route sheet plus all five wings and ten services; longest-title and empty-related-proof stress","route_instance_contracted_not_active"
"TR-ROUTE-003","ROUTE-WING-STRATEGY","route","docs/phase-1-foundation/06-canonical-route-inventory.json;docs/phase-1-ux-architecture/route-room-parity.csv","foundation-route-coverage.csv;reference-template-inventory.csv;responsive-state-mode-matrix.csv","INST-ROUTE-WING-STRATEGY;TPL-SERVICE-WING;/services/strategy-transformation","Route sheet showing one-service wing and closed/held immersive delta","route_instance_contracted_not_active"
"TR-ROUTE-004","ROUTE-SERVICE-STRATEGY-ARCHITECTURE","route","docs/phase-1-foundation/06-canonical-route-inventory.json;docs/phase-1-ux-architecture/route-room-parity.csv","foundation-route-coverage.csv;reference-template-inventory.csv;responsive-state-mode-matrix.csv","INST-ROUTE-SERVICE-STRATEGY-ARCHITECTURE;TPL-SERVICE-DETAIL;/services/strategy-transformation/strategy-architecture","Route sheet with formal-title/context/scope/limits/evidence/source/action slots","route_instance_contracted_not_active"
"TR-ROUTE-005","ROUTE-WING-DIGITAL","route","docs/phase-1-foundation/06-canonical-route-inventory.json;docs/phase-1-ux-architecture/route-room-parity.csv","foundation-route-coverage.csv;reference-template-inventory.csv;responsive-state-mode-matrix.csv","INST-ROUTE-WING-DIGITAL;TPL-SERVICE-WING;/services/digital-products-growth","Route sheet showing three-service maximum-density wing and release-state delta","route_instance_contracted_not_active"
"TR-ROUTE-006","ROUTE-SERVICE-PLATFORM-PRODUCT","route","docs/phase-1-foundation/06-canonical-route-inventory.json;docs/phase-1-ux-architecture/route-room-parity.csv","foundation-route-coverage.csv;reference-template-inventory.csv;responsive-state-mode-matrix.csv","INST-ROUTE-SERVICE-PLATFORM-PRODUCT;TPL-SERVICE-DETAIL;/services/digital-products-growth/platform-product-engineering","Route sheet with formal-title/context/scope/limits/evidence/source/action slots","route_instance_contracted_not_active"
"TR-ROUTE-007","ROUTE-SERVICE-PRODUCT-EXPERIENCE","route","docs/phase-1-foundation/06-canonical-route-inventory.json;docs/phase-1-ux-architecture/route-room-parity.csv","foundation-route-coverage.csv;reference-template-inventory.csv;responsive-state-mode-matrix.csv","INST-ROUTE-SERVICE-PRODUCT-EXPERIENCE;TPL-SERVICE-DETAIL;/services/digital-products-growth/product-design-experience-engineering","Route sheet stress-tests the longest formal service title and wrapped navigation","route_instance_contracted_not_active"
"TR-ROUTE-008","ROUTE-SERVICE-COMMERCE-GROWTH","route","docs/phase-1-foundation/06-canonical-route-inventory.json;docs/phase-1-ux-architecture/route-room-parity.csv","foundation-route-coverage.csv;reference-template-inventory.csv;responsive-state-mode-matrix.csv","INST-ROUTE-SERVICE-COMMERCE-GROWTH;TPL-SERVICE-DETAIL;/services/digital-products-growth/commerce-content-growth-platforms","Route sheet stress-tests comma-bearing formal title and related-content labels","route_instance_contracted_not_active"
"TR-ROUTE-009","ROUTE-WING-AI-DATA","route","docs/phase-1-foundation/06-canonical-route-inventory.json;docs/phase-1-ux-architecture/route-room-parity.csv","foundation-route-coverage.csv;reference-template-inventory.csv;responsive-state-mode-matrix.csv","INST-ROUTE-WING-AI-DATA;TPL-SERVICE-WING;/services/ai-data-automation","Route sheet shows first-release wing and two-service structure","route_instance_contracted_not_active"
"TR-ROUTE-010","ROUTE-SERVICE-AI-AUTOMATION","route","docs/phase-1-foundation/06-canonical-route-inventory.json;docs/phase-1-ux-architecture/route-room-parity.csv","foundation-route-coverage.csv;reference-template-inventory.csv;responsive-state-mode-matrix.csv","INST-ROUTE-SERVICE-AI-AUTOMATION;TPL-SERVICE-DETAIL;/services/ai-data-automation/ai-systems-agentic-automation","Route sheet adds AI governance/source/refusal limits without operational claims","route_instance_contracted_not_active"
"TR-ROUTE-011","ROUTE-SERVICE-DATA-ANALYTICS","route","docs/phase-1-foundation/06-canonical-route-inventory.json;docs/phase-1-ux-architecture/route-room-parity.csv","foundation-route-coverage.csv;reference-template-inventory.csv;responsive-state-mode-matrix.csv","INST-ROUTE-SERVICE-DATA-ANALYTICS;TPL-SERVICE-DETAIL;/services/ai-data-automation/data-platforms-analytics","Route sheet with formal-title/context/scope/limits/evidence/source/action slots","route_instance_contracted_not_active"
"TR-ROUTE-012","ROUTE-WING-IMMERSIVE","route","docs/phase-1-foundation/06-canonical-route-inventory.json;docs/phase-1-ux-architecture/route-room-parity.csv","foundation-route-coverage.csv;reference-template-inventory.csv;responsive-state-mode-matrix.csv","INST-ROUTE-WING-IMMERSIVE;TPL-SERVICE-WING;/services/immersive-creative","Route sheet shows two-service wing and non-WebGL equivalence","route_instance_contracted_not_active"
"TR-ROUTE-013","ROUTE-SERVICE-SPATIAL","route","docs/phase-1-foundation/06-canonical-route-inventory.json;docs/phase-1-ux-architecture/route-room-parity.csv","foundation-route-coverage.csv;reference-template-inventory.csv;responsive-state-mode-matrix.csv","INST-ROUTE-SERVICE-SPATIAL;TPL-SERVICE-DETAIL;/services/immersive-creative/spatial-computing-immersive-platforms","Route sheet adds non-WebGL examples and performance/accessibility limits","route_instance_contracted_not_active"
"TR-ROUTE-014","ROUTE-SERVICE-CREATIVE","route","docs/phase-1-foundation/06-canonical-route-inventory.json;docs/phase-1-ux-architecture/route-room-parity.csv","foundation-route-coverage.csv;reference-template-inventory.csv;responsive-state-mode-matrix.csv","INST-ROUTE-SERVICE-CREATIVE;TPL-SERVICE-DETAIL;/services/immersive-creative/creative-visual-design-services","Route sheet shows licensed-proof and asset-held behavior","route_instance_contracted_not_active"
"TR-ROUTE-015","ROUTE-WING-CLOUD-TRUST","route","docs/phase-1-foundation/06-canonical-route-inventory.json;docs/phase-1-ux-architecture/route-room-parity.csv","foundation-route-coverage.csv;reference-template-inventory.csv;responsive-state-mode-matrix.csv","INST-ROUTE-WING-CLOUD-TRUST;TPL-SERVICE-WING;/services/cloud-reliability-trust","Route sheet shows final-release wing and assurance-language boundary","route_instance_contracted_not_active"
"TR-ROUTE-016","ROUTE-SERVICE-CLOUD-RELIABILITY","route","docs/phase-1-foundation/06-canonical-route-inventory.json;docs/phase-1-ux-architecture/route-room-parity.csv","foundation-route-coverage.csv;reference-template-inventory.csv;responsive-state-mode-matrix.csv","INST-ROUTE-SERVICE-CLOUD-RELIABILITY;TPL-SERVICE-DETAIL;/services/cloud-reliability-trust/cloud-devops-platform-reliability","Route sheet preserves platform-neutral customer offer and target-vs-proof labels","route_instance_contracted_not_active"
"TR-ROUTE-017","ROUTE-SERVICE-SECURITY-TRUST","route","docs/phase-1-foundation/06-canonical-route-inventory.json;docs/phase-1-ux-architecture/route-room-parity.csv","foundation-route-coverage.csv;reference-template-inventory.csv;responsive-state-mode-matrix.csv","INST-ROUTE-SERVICE-SECURITY-TRUST;TPL-SERVICE-DETAIL;/services/cloud-reliability-trust/security-privacy-trust-engineering","Route sheet separates requirement/control/test/limitation and rejects assurance inflation","route_instance_contracted_not_active"
"TR-ROUTE-018","ROUTE-INDUSTRIES","route","docs/phase-1-foundation/06-canonical-route-inventory.json;docs/phase-1-ux-architecture/route-room-parity.csv","foundation-route-coverage.csv;reference-template-inventory.csv;responsive-state-mode-matrix.csv","INST-ROUTE-INDUSTRIES;TPL-INDUSTRY-COLLECTION;/industries","Route sheet compares only Agriculture and Mining and records D-025 override of stale source status","route_instance_contracted_not_active"
"TR-ROUTE-019","ROUTE-INDUSTRY-AGRICULTURE","route","docs/phase-1-foundation/06-canonical-route-inventory.json;docs/phase-1-ux-architecture/route-room-parity.csv","foundation-route-coverage.csv;reference-template-inventory.csv;responsive-state-mode-matrix.csv","INST-ROUTE-INDUSTRY-AGRICULTURE;TPL-INDUSTRY-DETAIL;/industries/agriculture","Route sheet tests reviewed context without pastoral rescue or delivery-history implication","route_instance_contracted_not_active"
"TR-ROUTE-020","ROUTE-INDUSTRY-MINING","route","docs/phase-1-foundation/06-canonical-route-inventory.json;docs/phase-1-ux-architecture/route-room-parity.csv","foundation-route-coverage.csv;reference-template-inventory.csv;responsive-state-mode-matrix.csv","INST-ROUTE-INDUSTRY-MINING;TPL-INDUSTRY-DETAIL;/industries/mining","Route sheet tests reviewed context without extraction spectacle or delivery-history implication","route_instance_contracted_not_active"
"TR-ROUTE-021","ROUTE-WORK","route","docs/phase-1-foundation/06-canonical-route-inventory.json;docs/phase-1-ux-architecture/route-room-parity.csv","foundation-route-coverage.csv;reference-template-inventory.csv;responsive-state-mode-matrix.csv","INST-ROUTE-WORK;TPL-WORK-COLLECTION;/work","Honest-empty reference is mandatory; populated variant uses only clearly marked non-public fixtures","route_instance_contracted_not_active"
"TR-ROUTE-022","ROUTE-WORK-DETAIL","route","docs/phase-1-foundation/06-canonical-route-inventory.json;docs/phase-1-ux-architecture/route-room-parity.csv","foundation-route-coverage.csv;reference-template-inventory.csv;responsive-state-mode-matrix.csv","INST-ROUTE-WORK-DETAIL;TPL-WORK-DETAIL;/work/{verified-case-slug}","Pattern-instance sheet only until a case is authorized; stress source/method/rights/limitation slots","route_instance_contracted_not_active"
"TR-ROUTE-023","ROUTE-DEMOS","route","docs/phase-1-foundation/06-canonical-route-inventory.json;docs/phase-1-ux-architecture/route-room-parity.csv","foundation-route-coverage.csv;reference-template-inventory.csv;responsive-state-mode-matrix.csv","INST-ROUTE-DEMOS;TPL-DEMO-COLLECTION;/demos","Honest-empty reference and explicit Demo-vs-Work classification are mandatory","route_instance_contracted_not_active"
"TR-ROUTE-024","ROUTE-DEMO-DETAIL","route","docs/phase-1-foundation/06-canonical-route-inventory.json;docs/phase-1-ux-architecture/route-room-parity.csv","foundation-route-coverage.csv;reference-template-inventory.csv;responsive-state-mode-matrix.csv","INST-ROUTE-DEMO-DETAIL;TPL-DEMO-DETAIL;/demos/{capability-demo-slug}","Pattern-instance sheet stresses ownership/provenance/reproducibility/limits/security labels","route_instance_contracted_not_active"
"TR-ROUTE-025","ROUTE-INSIGHTS","route","docs/phase-1-foundation/06-canonical-route-inventory.json;docs/phase-1-ux-architecture/route-room-parity.csv","foundation-route-coverage.csv;reference-template-inventory.csv;responsive-state-mode-matrix.csv","INST-ROUTE-INSIGHTS;TPL-INSIGHT-COLLECTION;/insights","Honest-empty plus six-cornerstone maximum-density planning fixture; no thin filler","route_instance_contracted_not_active"
"TR-ROUTE-026","ROUTE-INSIGHT-DETAIL","route","docs/phase-1-foundation/06-canonical-route-inventory.json;docs/phase-1-ux-architecture/route-room-parity.csv","foundation-route-coverage.csv;reference-template-inventory.csv;responsive-state-mode-matrix.csv","INST-ROUTE-INSIGHT-DETAIL;TPL-INSIGHT-DETAIL;/insights/{article-slug}","Pattern-instance sheet stresses long reading/source/reviewer/media alternatives and print","route_instance_contracted_not_active"
"TR-ROUTE-027","ROUTE-EXPERTS","route","docs/phase-1-foundation/06-canonical-route-inventory.json;docs/phase-1-ux-architecture/route-room-parity.csv","foundation-route-coverage.csv;reference-template-inventory.csv;responsive-state-mode-matrix.csv","INST-ROUTE-EXPERTS;TPL-EXPERT-COLLECTION;/experts","Honest-empty reference mandatory; no invented profile/portrait/credential","route_instance_contracted_not_active"
"TR-ROUTE-028","ROUTE-EXPERT-DETAIL","route","docs/phase-1-foundation/06-canonical-route-inventory.json;docs/phase-1-ux-architecture/route-room-parity.csv","foundation-route-coverage.csv;reference-template-inventory.csv;responsive-state-mode-matrix.csv","INST-ROUTE-EXPERT-DETAIL;TPL-EXPERT-DETAIL;/experts/{verified-person-slug}","Pattern-instance sheet uses anonymous structural labels until identity/consent/portrait rights exist","route_instance_contracted_not_active"
"TR-ROUTE-029","ROUTE-TRUST","route","docs/phase-1-foundation/06-canonical-route-inventory.json;docs/phase-1-ux-architecture/route-room-parity.csv","foundation-route-coverage.csv;reference-template-inventory.csv;responsive-state-mode-matrix.csv","INST-ROUTE-TRUST;TPL-TRUST-COLLECTION;/trust","Reference separates requirements targets controls tests limits scope/date/owner and honest held state","route_instance_contracted_not_active"
"TR-ROUTE-030","ROUTE-TRUST-DETAIL","route","docs/phase-1-foundation/06-canonical-route-inventory.json;docs/phase-1-ux-architecture/route-room-parity.csv","foundation-route-coverage.csv;reference-template-inventory.csv;responsive-state-mode-matrix.csv","INST-ROUTE-TRUST-DETAIL;TPL-TRUST-DETAIL;/trust/{topic-slug}","Pattern-instance sheet stress-tests scope/date/source/owner/legal-review and target-vs-control labels","route_instance_contracted_not_active"
"TR-ROUTE-031","ROUTE-ABOUT","route","docs/phase-1-foundation/06-canonical-route-inventory.json;docs/phase-1-ux-architecture/route-room-parity.csv","foundation-route-coverage.csv;reference-template-inventory.csv;responsive-state-mode-matrix.csv","INST-ROUTE-ABOUT;TPL-PUBLIC-ABOUT;/about","Reference shows approved brand/approach with legal/history/size/office/person facts visibly held","route_instance_contracted_not_active"
"TR-ROUTE-032","ROUTE-CONTACT","route","docs/phase-1-foundation/06-canonical-route-inventory.json;docs/phase-1-ux-architecture/route-room-parity.csv","foundation-route-coverage.csv;reference-template-inventory.csv;responsive-state-mode-matrix.csv","INST-ROUTE-CONTACT;TPL-PUBLIC-CONTACT;/contact","Reference reserves purpose/channel/consent/status/recovery without example address owner or SLA","route_instance_contracted_not_active"
"TR-ROUTE-033","ROUTE-BOOK","route","docs/phase-1-foundation/06-canonical-route-inventory.json;docs/phase-1-ux-architecture/route-room-parity.csv","foundation-route-coverage.csv;reference-template-inventory.csv;responsive-state-mode-matrix.csv","INST-ROUTE-BOOK;TPL-BOOKING-SHELL;/book","Route shell plus qualification verification availability review pending confirmation reschedule cancellation and failure evidence","route_instance_contracted_not_active"
"TR-ACT-001","ACT-01","action","docs/phase-1-ux-architecture/STATES_AND_RECOVERY.md","foundation-flow-coverage.csv;reference-template-inventory.csv;responsive-state-mode-matrix.csv","COV-ACT-01;TPL-GLOBAL-NAVIGATION;NAVIGATION_SEARCH","Destinations visible and focus enters menu; Control failure or JavaScript absent; recovery: Semantic initial-HTML links; reload or skip link; focus returns on close","flow_action_contracted_not_implemented"
"TR-ACT-002","ACT-02","action","docs/phase-1-ux-architecture/STATES_AND_RECOVERY.md","foundation-flow-coverage.csv;reference-template-inventory.csv;responsive-state-mode-matrix.csv","COV-ACT-02;TPL-GLOBAL-NAVIGATION;TPL-QUICK-ACCESS-RECOVERY;NAVIGATION_SEARCH","Complete active-release document H1 and context; Loading offline unknown 404 retired 410 or release unavailable; recovery: Approved cached/prior truth; retry; directory; nearest canonical; Home or Book","flow_action_contracted_not_implemented"
"TR-ACT-003","ACT-03","action","docs/phase-1-ux-architecture/STATES_AND_RECOVERY.md","foundation-flow-coverage.csv;reference-template-inventory.csv;responsive-state-mode-matrix.csv","COV-ACT-03;TPL-DIRECTORY-SEARCH;NAVIGATION_SEARCH","Search and browse groups available; Index loading or unavailable; focus failure; recovery: Static active-release directory; Quick Access; restore invoker focus","flow_action_contracted_not_implemented"
"TR-ACT-004","ACT-04","action","docs/phase-1-ux-architecture/STATES_AND_RECOVERY.md","foundation-flow-coverage.csv;reference-template-inventory.csv;responsive-state-mode-matrix.csv","COV-ACT-04;TPL-DIRECTORY-SEARCH;NAVIGATION_SEARCH","Canonical result list; Empty query no results or derived index/checksum failure; recovery: Browse categories; clear; static directory; never search draft/private data","flow_action_contracted_not_implemented"
"TR-ACT-005","ACT-05","action","docs/phase-1-ux-architecture/STATES_AND_RECOVERY.md","foundation-flow-coverage.csv;reference-template-inventory.csv;responsive-state-mode-matrix.csv","COV-ACT-05;TPL-DIRECTORY-SEARCH;TPL-WORLD-HUD;TPL-QUICK-ACCESS-RECOVERY;WORLD_HUD_STREAM","Canonical document or optional directed transition; Closed room missing asset or stale result; recovery: Canonical semantic route or Quick Access with safe context","flow_action_contracted_not_implemented"
"TR-ACT-006","ACT-06","action","docs/phase-1-ux-architecture/STATES_AND_RECOVERY.md","foundation-flow-coverage.csv;reference-template-inventory.csv;responsive-state-mode-matrix.csv","COV-ACT-06;TPL-FIRST-VISIT;TPL-WORLD-SHELL;TPL-QUICK-ACCESS-RECOVERY;WORLD_HUD_STREAM","Onboarding or stable Reception; Unsupported WebGL low power loader asset or network error; recovery: Quick Access immediately retaining source route/wing context","flow_action_contracted_not_implemented"
"TR-ACT-007","ACT-07","action","docs/phase-1-ux-architecture/STATES_AND_RECOVERY.md","foundation-flow-coverage.csv;reference-template-inventory.csv;responsive-state-mode-matrix.csv","COV-ACT-07;TPL-FIRST-VISIT;TPL-WORLD-SHELL;FIRST_RETURN_VISIT","Stable Reception or chosen semantic destination; Transition interrupted; recovery: Jump to stable end state and announce location","flow_action_contracted_not_implemented"
"TR-ACT-008","ACT-08","action","docs/phase-1-ux-architecture/STATES_AND_RECOVERY.md","foundation-flow-coverage.csv;reference-template-inventory.csv;responsive-state-mode-matrix.csv","COV-ACT-08;TPL-WORLD-SHELL;TPL-WORLD-HUD;TPL-QUICK-ACCESS-RECOVERY;WORLD_HUD_STREAM","Directed point-and-click transition and location update; Transition asset memory or thermal failure; recovery: Cancel motion; stable current location; delivery stream change or canonical route","flow_action_contracted_not_implemented"
"TR-ACT-009","ACT-09","action","docs/phase-1-ux-architecture/STATES_AND_RECOVERY.md","foundation-flow-coverage.csv;reference-template-inventory.csv;responsive-state-mode-matrix.csv","COV-ACT-09;TPL-WORLD-HUD;TPL-QUICK-ACCESS-RECOVERY;WORLD_HUD_STREAM","Chosen delivery stream applied and persisted; Unsupported tier or change failure; recovery: Bounded by the WebGL ceiling and never silently substituted; ACT-11 persistence-failure branch; no content loss","flow_action_contracted_not_implemented"
"TR-ACT-010","ACT-10","action","docs/phase-1-ux-architecture/STATES_AND_RECOVERY.md","foundation-flow-coverage.csv;reference-template-inventory.csv;responsive-state-mode-matrix.csv","COV-ACT-10;TPL-WORLD-HUD;TPL-MEDIA-OPT-IN;WORLD_HUD_STREAM","Explicit muted or unmuted state; Media unavailable or blocked; recovery: Remain muted; text/visual equivalent; retry only after interaction","flow_action_contracted_not_implemented"
"TR-ACT-011","ACT-11","action","docs/phase-1-ux-architecture/STATES_AND_RECOVERY.md","foundation-flow-coverage.csv;reference-template-inventory.csv;responsive-state-mode-matrix.csv","COV-ACT-11;TPL-FIRST-VISIT;TPL-WORLD-HUD;FIRST_RETURN_VISIT","Stable authored equivalent; Preference cannot persist; recovery: Apply session state and explain persistence failure without blocking","flow_action_contracted_not_implemented"
"TR-ACT-012","ACT-12","action","docs/phase-1-ux-architecture/STATES_AND_RECOVERY.md","foundation-flow-coverage.csv;reference-template-inventory.csv;responsive-state-mode-matrix.csv","COV-ACT-12;TPL-WORLD-HUD;TPL-QUICK-ACCESS-RECOVERY;WORLD_HUD_STREAM","Current canonical semantic route opens; Missing mapping; recovery: Services Home or Quick Access with safe fallback status","flow_action_contracted_not_implemented"
"TR-ACT-013","ACT-13","action","docs/phase-1-ux-architecture/STATES_AND_RECOVERY.md","foundation-flow-coverage.csv;reference-template-inventory.csv;responsive-state-mode-matrix.csv","COV-ACT-13;TPL-WORK-DETAIL;TPL-DEMO-DETAIL;TPL-INSIGHT-DETAIL;TPL-TRUST-DETAIL;TPL-SYSTEM-RECOVERY;ERROR_OFFLINE_RECOVERY","Accessible active canonical source; Held retired unavailable or checksum-mismatched source; recovery: Cannot-verify label; related approved source; human or Book","flow_action_contracted_not_implemented"
"TR-ACT-014","ACT-14","action","docs/phase-1-ux-architecture/STATES_AND_RECOVERY.md","foundation-flow-coverage.csv;reference-template-inventory.csv;responsive-state-mode-matrix.csv","COV-ACT-14;TPL-AI-CONCIERGE;AI","Identified anonymous session and consent choice; Policy provider or session unavailable; recovery: Semantic content; available human; Contact; Book","flow_action_contracted_not_implemented"
"TR-ACT-015","ACT-15","action","docs/phase-1-ux-architecture/STATES_AND_RECOVERY.md","foundation-flow-coverage.csv;reference-template-inventory.csv;responsive-state-mode-matrix.csv","COV-ACT-15;TPL-AI-CONCIERGE;AI","Ephemeral or approved consented state; Exact policy unavailable record write unknown or declined; recovery: Fail to ephemeral/no-retention; retry only when authoritative; browsing or Book","flow_action_contracted_not_implemented"
"TR-ACT-016","ACT-16","action","docs/phase-1-ux-architecture/STATES_AND_RECOVERY.md","foundation-flow-coverage.csv;reference-template-inventory.csv;responsive-state-mode-matrix.csv","COV-ACT-16;TPL-AI-CONCIERGE;AI","Sourced answer or explicit safe refusal; Typing/send timeout duplicate or grounding unavailable; recovery: Not-sent/unknown; status check; one safe retry; human or Book","flow_action_contracted_not_implemented"
"TR-ACT-017","ACT-17","action","docs/phase-1-ux-architecture/STATES_AND_RECOVERY.md","foundation-flow-coverage.csv;reference-template-inventory.csv;responsive-state-mode-matrix.csv","COV-ACT-17;TPL-AI-CONCIERGE;TPL-QUICK-ACCESS-RECOVERY;AI","Same valid session resumes once; Expired invalid checksum or policy mismatch; recovery: New ephemeral session; old content not resumed; human or Book","flow_action_contracted_not_implemented"
"TR-ACT-018","ACT-18","action","docs/phase-1-ux-architecture/STATES_AND_RECOVERY.md","foundation-flow-coverage.csv;reference-template-inventory.csv;responsive-state-mode-matrix.csv","COV-ACT-18;TPL-HUMAN-HANDOFF;HUMAN_HANDOFF_MEDIA","One durable handoff request; No explicit availability duplicate console outage or alert failure; recovery: Preserve durable request; refresh; Contact or Book; alert retry staff-side","flow_action_contracted_not_implemented"
"TR-ACT-019","ACT-19","action","docs/phase-1-ux-architecture/STATES_AND_RECOVERY.md","foundation-flow-coverage.csv;reference-template-inventory.csv;responsive-state-mode-matrix.csv","COV-ACT-19;TPL-MEDIA-OPT-IN;TPL-HUMAN-HANDOFF;HUMAN_HANDOFF_MEDIA","Media begins only after explicit permission; Declined denied unsupported device or media failure; recovery: Text continues; permission guidance; Book; no automatic reactivation","flow_action_contracted_not_implemented"
"TR-ACT-020","ACT-20","action","docs/phase-1-ux-architecture/STATES_AND_RECOVERY.md","foundation-flow-coverage.csv;reference-template-inventory.csv;responsive-state-mode-matrix.csv","COV-ACT-20;TPL-BOOKING-SHELL;TPL-BOOKING-QUALIFICATION;TPL-QUICK-ACCESS-RECOVERY;BOOKING_LINEAGE","One lineage and accessible non-WebGL qualification flow; Transactional script or booking entry unavailable; recovery: Semantic not-started/not-completed status; retry Book; verified Contact; safe route/wing context only","flow_action_contracted_not_implemented"
"TR-ACT-021","ACT-21","action","docs/phase-1-ux-architecture/STATES_AND_RECOVERY.md","foundation-flow-coverage.csv;reference-template-inventory.csv;responsive-state-mode-matrix.csv","COV-ACT-21;TPL-BOOKING-QUALIFICATION;BOOKING_LINEAGE","QUALIFICATION_COMPLETE; Missing/invalid field consent declined or offline; recovery: Linked summary and correction; browsing/ephemeral help; no retained lead","flow_action_contracted_not_implemented"
"TR-ACT-022","ACT-22","action","docs/phase-1-ux-architecture/STATES_AND_RECOVERY.md","foundation-flow-coverage.csv;reference-template-inventory.csv;responsive-state-mode-matrix.csv","COV-ACT-22;TPL-BOOKING-VERIFICATION;BOOKING_LINEAGE","EMAIL_PENDING in same lineage; Not issued unknown provider Redis or rate-limit failure; recovery: Status check before retry; bounded later guidance; change address; no slots","flow_action_contracted_not_implemented"
"TR-ACT-023","ACT-23","action","docs/phase-1-ux-architecture/STATES_AND_RECOVERY.md","foundation-flow-coverage.csv;reference-template-inventory.csv;responsive-state-mode-matrix.csv","COV-ACT-23;TPL-BOOKING-VERIFICATION;BOOKING_LINEAGE","New current challenge in same lineage; Too soon limit unknown or delivery failure; recovery: Approved wait guidance; status check; corrected address; no second lineage","flow_action_contracted_not_implemented"
"TR-ACT-024","ACT-24","action","docs/phase-1-ux-architecture/STATES_AND_RECOVERY.md","foundation-flow-coverage.csv;reference-template-inventory.csv;responsive-state-mode-matrix.csv","COV-ACT-24;TPL-BOOKING-VERIFICATION;BOOKING_LINEAGE","Old challenge invalidated and new challenge pending; Invalid syntax or update conflict; recovery: Correct inline; refresh authoritative lineage; no verified carryover","flow_action_contracted_not_implemented"
"TR-ACT-025","ACT-25","action","docs/phase-1-ux-architecture/STATES_AND_RECOVERY.md","foundation-flow-coverage.csv;reference-template-inventory.csv;responsive-state-mode-matrix.csv","COV-ACT-25;TPL-BOOKING-VERIFICATION;BOOKING_LINEAGE","VERIFIED; Invalid expired used wrong-lineage or undeliverable challenge; recovery: Safe resend/current challenge; corrected address; support; no slots","flow_action_contracted_not_implemented"
"TR-ACT-026","ACT-26","action","docs/phase-1-ux-architecture/STATES_AND_RECOVERY.md","foundation-flow-coverage.csv;reference-template-inventory.csv;responsive-state-mode-matrix.csv","COV-ACT-26;TPL-BOOKING-AVAILABILITY;BOOKING_LINEAGE","Eligible 30-minute slots in explicit visitor-local zone; Loading none stale owner provider or Graph unavailable; recovery: Retry/next period; honest no-slot; approved human/Contact; no promise","flow_action_contracted_not_implemented"
"TR-ACT-027","ACT-27","action","docs/phase-1-ux-architecture/STATES_AND_RECOVERY.md","foundation-flow-coverage.csv;reference-template-inventory.csv;responsive-state-mode-matrix.csv","COV-ACT-27;TPL-BOOKING-AVAILABILITY;BOOKING_LINEAGE","SLOT_SELECTED and review summary; Slot no longer available or timezone changes; recovery: Refresh; reselect; show same instant and zone clearly","flow_action_contracted_not_implemented"
"TR-ACT-028","ACT-28","action","docs/phase-1-ux-architecture/STATES_AND_RECOVERY.md","foundation-flow-coverage.csv;reference-template-inventory.csv;responsive-state-mode-matrix.csv","COV-ACT-28;TPL-BOOKING-RECONCILIATION;BOOKING_LINEAGE","One BOOKING_PENDING durable request; Offline before accept duplicate or ambiguous provider timeout; recovery: Explicit not-submitted or pending; same idempotency key; reconcile before retry","flow_action_contracted_not_implemented"
"TR-ACT-029","ACT-29","action","docs/phase-1-ux-architecture/STATES_AND_RECOVERY.md","foundation-flow-coverage.csv;reference-template-inventory.csv;responsive-state-mode-matrix.csv","COV-ACT-29;TPL-BOOKING-RECONCILIATION;BOOKING_LINEAGE","CONFIRMED_QUALIFIED or truthful pending/failed; Status service unavailable; recovery: Retain last authoritative state; retry later or approved support; never infer success","flow_action_contracted_not_implemented"
"TR-ACT-030","ACT-30","action","docs/phase-1-ux-architecture/STATES_AND_RECOVERY.md","foundation-flow-coverage.csv;reference-template-inventory.csv;responsive-state-mode-matrix.csv","COV-ACT-30;TPL-BOOKING-RECONCILIATION;BOOKING_LINEAGE","Same lineage with reconciled replacement occurrence; Expired auth no slots timeout race or conflict; recovery: Reauthenticate; keep old confirmed truth; refresh/reconcile; approved support","flow_action_contracted_not_implemented"
"TR-ACT-031","ACT-31","action","docs/phase-1-ux-architecture/STATES_AND_RECOVERY.md","foundation-flow-coverage.csv;reference-template-inventory.csv;responsive-state-mode-matrix.csv","COV-ACT-31;TPL-BOOKING-RECONCILIATION;BOOKING_LINEAGE","Reconciled CANCELLED; Expired auth provider timeout or conflict; recovery: Retain last confirmed state; refresh/reconcile; never claim cancelled early","flow_action_contracted_not_implemented"
"TR-ACT-032","ACT-32","action","docs/phase-1-ux-architecture/STATES_AND_RECOVERY.md","foundation-flow-coverage.csv;reference-template-inventory.csv;responsive-state-mode-matrix.csv","COV-ACT-32;TPL-PUBLIC-CONTACT;CONTACT","One truthful accepted or pending contact record; Invalid offline duplicate or channel unavailable; recovery: Correct; same idempotency identity; verified alternate or Book; no SLA","flow_action_contracted_not_implemented"
"TR-ACT-033","ACT-33","action","docs/phase-1-ux-architecture/STATES_AND_RECOVERY.md","foundation-flow-coverage.csv;reference-template-inventory.csv;responsive-state-mode-matrix.csv","COV-ACT-33;TPL-STAFF-AUTH;AUTH_SESSION_PERMISSION","Authorized role session; Entra unavailable no/ambiguous group or local account dormant; recovery: Deny by default; approved support or break-glass process only; no credential hints","flow_action_contracted_not_implemented"
"TR-ACT-034","ACT-34","action","docs/phase-1-ux-architecture/STATES_AND_RECOVERY.md","foundation-flow-coverage.csv;reference-template-inventory.csv;responsive-state-mode-matrix.csv","COV-ACT-34;TPL-PUBLICATION-EDITOR;STAFF_PUBLICATION_OPERATIONS","Durable draft version saved; Validation network session or version conflict; recovery: Retain text only under approved policy; reauth; merge/version choice without overwrite","flow_action_contracted_not_implemented"
"TR-ACT-035","ACT-35","action","docs/phase-1-ux-architecture/STATES_AND_RECOVERY.md","foundation-flow-coverage.csv;reference-template-inventory.csv;responsive-state-mode-matrix.csv","COV-ACT-35;TPL-PUBLICATION-EDITOR;TPL-PUBLICATION-REVIEW-RELEASE;STAFF_PUBLICATION_OPERATIONS","Immutable review candidate queued; Missing evidence rights owner metadata or stale version; recovery: Linked issue list; return to draft; resubmit new version","flow_action_contracted_not_implemented"
"TR-ACT-036","ACT-36","action","docs/phase-1-ux-architecture/STATES_AND_RECOVERY.md","foundation-flow-coverage.csv;reference-template-inventory.csv;responsive-state-mode-matrix.csv","COV-ACT-36;TPL-PUBLICATION-REVIEW-RELEASE;STAFF_PUBLICATION_OPERATIONS","Independent pass or changes requested; Unauthorized self-review stale candidate or session failure; recovery: Deny; refresh current candidate; approved reassignment","flow_action_contracted_not_implemented"
"TR-ACT-037","ACT-37","action","docs/phase-1-ux-architecture/STATES_AND_RECOVERY.md","foundation-flow-coverage.csv;reference-template-inventory.csv;responsive-state-mode-matrix.csv","COV-ACT-37;TPL-PUBLICATION-REVIEW-RELEASE;STAFF_PUBLICATION_OPERATIONS","Approved rejected or changes requested on current candidate; Unauthorized stale or not specialist-passed; recovery: Deny; refresh; return to review queue; never infer approval","flow_action_contracted_not_implemented"
"TR-ACT-038","ACT-38","action","docs/phase-1-ux-architecture/STATES_AND_RECOVERY.md","foundation-flow-coverage.csv;reference-template-inventory.csv;responsive-state-mode-matrix.csv","COV-ACT-38;TPL-PUBLICATION-REVIEW-RELEASE;STAFF_PUBLICATION_OPERATIONS","Valid immutable candidate checksum; Render index schema sitemap AI or 3D parity failure; recovery: Previous release active; correct through workflow; rerun full validation","flow_action_contracted_not_implemented"
"TR-ACT-039","ACT-39","action","docs/phase-1-ux-architecture/STATES_AND_RECOVERY.md","foundation-flow-coverage.csv;reference-template-inventory.csv;responsive-state-mode-matrix.csv","COV-ACT-39;TPL-PUBLICATION-REVIEW-RELEASE;STAFF_PUBLICATION_OPERATIONS","One atomic active checksum; Partial timeout or mismatch; recovery: No activation or rollback to prior active; reconcile; never mix surfaces","flow_action_contracted_not_implemented"
"TR-ACT-040","ACT-40","action","docs/phase-1-ux-architecture/STATES_AND_RECOVERY.md","foundation-flow-coverage.csv;reference-template-inventory.csv;responsive-state-mode-matrix.csv","COV-ACT-40;TPL-RETURN-VISIT;TPL-STAFF-AUTH;FIRST_RETURN_VISIT","Non-sensitive preferences cleared or session ended; Storage unavailable; recovery: Clear as far as possible; explain local limitation; no account claim","flow_action_contracted_not_implemented"
"TR-ACT-041","ACT-41","action","docs/phase-1-ux-architecture/STATES_AND_RECOVERY.md","foundation-flow-coverage.csv;reference-template-inventory.csv;responsive-state-mode-matrix.csv","COV-ACT-41;TPL-STAFF-WORK-DETAIL;STAFF_PUBLICATION_OPERATIONS","Durable approved-scope availability on; Pending role eligibility Redis or Teams issue fails unavailable; no scope empty; recovery: Status check and retry; no presence-derived availability","flow_action_contracted_not_implemented"
"TR-ACT-042","ACT-42","action","docs/phase-1-ux-architecture/STATES_AND_RECOVERY.md","foundation-flow-coverage.csv;reference-template-inventory.csv;responsive-state-mode-matrix.csv","COV-ACT-42;TPL-STAFF-WORK-DETAIL;STAFF_PUBLICATION_OPERATIONS","Durable availability off; Pending error or already off; recovery: Fail safe to unavailable; idempotent status check/retry; queued work visible","flow_action_contracted_not_implemented"
"TR-ACT-043","ACT-43","action","docs/phase-1-ux-architecture/STATES_AND_RECOVERY.md","foundation-flow-coverage.csv;reference-template-inventory.csv;responsive-state-mode-matrix.csv","COV-ACT-43;TPL-STAFF-QUEUE;TPL-STAFF-WORK-DETAIL;STAFF_PUBLICATION_OPERATIONS","Current authorized request detail opened; Queue loading unavailable stale or truthful empty; recovery: Refresh authoritative request; reauthenticate; no chat data in analytics","flow_action_contracted_not_implemented"
"TR-ACT-044","ACT-44","action","docs/phase-1-ux-architecture/STATES_AND_RECOVERY.md","foundation-flow-coverage.csv;reference-template-inventory.csv;responsive-state-mode-matrix.csv","COV-ACT-44;TPL-HUMAN-HANDOFF;TPL-STAFF-WORK-DETAIL;STAFF_PUBLICATION_OPERATIONS","One authorized operator owns text_active; Pending stale already accepted or consent invalid; recovery: Reconcile current owner/status; no duplicate; visitor keeps Book","flow_action_contracted_not_implemented"
"TR-ACT-045","ACT-45","action","docs/phase-1-ux-architecture/STATES_AND_RECOVERY.md","foundation-flow-coverage.csv;reference-template-inventory.csv;responsive-state-mode-matrix.csv","COV-ACT-45;TPL-HUMAN-HANDOFF;TPL-STAFF-WORK-DETAIL;STAFF_PUBLICATION_OPERATIONS","Durable declined or reassignment-needed state; Pending stale unauthorized or already resolved; recovery: Refresh; approved reassignment/closure later; never delete request","flow_action_contracted_not_implemented"
"TR-ACT-046","ACT-46","action","docs/phase-1-ux-architecture/STATES_AND_RECOVERY.md","foundation-flow-coverage.csv;reference-template-inventory.csv;responsive-state-mode-matrix.csv","COV-ACT-46;TPL-HUMAN-HANDOFF;TPL-STAFF-WORK-DETAIL;STAFF_PUBLICATION_OPERATIONS","Durable ended state once; Ending pending session or retention conflict; recovery: Status check; preserve active/ended truth; Book/Contact remains","flow_action_contracted_not_implemented"
"TR-ACT-047","ACT-47","action","docs/phase-1-ux-architecture/STATES_AND_RECOVERY.md","foundation-flow-coverage.csv;reference-template-inventory.csv;responsive-state-mode-matrix.csv","COV-ACT-47;TPL-STAFF-QUEUE;TPL-STAFF-WORK-DETAIL;STAFF_PUBLICATION_OPERATIONS","Alert delivered or exception closed without core-state change; Adapter unavailable retry pending or no exceptions; recovery: Retry/escalate later; handoff/booking truth preserved","flow_action_contracted_not_implemented"
"TR-ACT-048","ACT-48","action","docs/phase-1-ux-architecture/STATES_AND_RECOVERY.md","foundation-flow-coverage.csv;reference-template-inventory.csv;responsive-state-mode-matrix.csv","COV-ACT-48;TPL-STAFF-QUEUE;TPL-STAFF-WORK-DETAIL;STAFF_PUBLICATION_OPERATIONS","One current eligible assignment; Stale conflict no eligible assignee or unauthorized; recovery: Refresh or hold; approved escalation; no invented availability","flow_action_contracted_not_implemented"
"TR-ACT-049","ACT-49","action","docs/phase-1-ux-architecture/STATES_AND_RECOVERY.md","foundation-flow-coverage.csv;reference-template-inventory.csv;responsive-state-mode-matrix.csv","COV-ACT-49;TPL-STAFF-QUEUE;TPL-STAFF-WORK-DETAIL;TPL-BOOKING-RECONCILIATION;STAFF_PUBLICATION_OPERATIONS","Local and external state agree truthfully; Ambiguous provider unavailable mismatch or no exceptions; recovery: Refresh compare or approved retry after ambiguity; preserve last truth","flow_action_contracted_not_implemented"
"TR-ACT-050","ACT-50","action","docs/phase-1-ux-architecture/STATES_AND_RECOVERY.md","foundation-flow-coverage.csv;reference-template-inventory.csv;responsive-state-mode-matrix.csv","COV-ACT-50;TPL-STAFF-QUEUE;TPL-STAFF-WORK-DETAIL;STAFF_PUBLICATION_OPERATIONS","Invariant restored or exception held/escalated; Pending unauthorized or unsupported resolution; recovery: Approved bounded repair/escalation; never hide duplicate or unknown","flow_action_contracted_not_implemented"
"TR-ACT-051","ACT-51","action","docs/phase-1-ux-architecture/STATES_AND_RECOVERY.md","foundation-flow-coverage.csv;reference-template-inventory.csv;responsive-state-mode-matrix.csv","COV-ACT-51;TPL-STAFF-QUEUE;TPL-PUBLICATION-REVIEW-RELEASE;STAFF_PUBLICATION_OPERATIONS","Specialist pass or changes on exact candidate; Self-review stale unauthorized missing evidence or no candidate; recovery: Deny; refresh; return candidate; no activation","flow_action_contracted_not_implemented"
"TR-ACT-052","ACT-52","action","docs/phase-1-ux-architecture/STATES_AND_RECOVERY.md","foundation-flow-coverage.csv;reference-template-inventory.csv;responsive-state-mode-matrix.csv","COV-ACT-52;TPL-STAFF-QUEUE;TPL-PUBLICATION-REVIEW-RELEASE;STAFF_PUBLICATION_OPERATIONS","Grounding bundle passed or changes requested; Draft private defense stale missing source unauthorized or empty; recovery: Fail closed; return to release workflow; no publication/activation","flow_action_contracted_not_implemented"
"TR-ACT-053","ACT-53","action","docs/phase-1-ux-architecture/STATES_AND_RECOVERY.md","foundation-flow-coverage.csv;reference-template-inventory.csv;responsive-state-mode-matrix.csv","COV-ACT-53;TPL-AUDIT-INSPECTION;STAFF_PUBLICATION_OPERATIONS","Authorized redacted event chain visible; Index loading unavailable integrity gap no results or unauthorized; recovery: Durable retrieval; refine retry escalate; inspection audited; no edit/delete","flow_action_contracted_not_implemented"
"TR-EXCL-001","EXCL-WORLD","exclusion","docs/phase-1-ux-architecture/excluded-surfaces.csv","foundation-flow-coverage.csv;reference-template-inventory.csv;responsive-state-mode-matrix.csv","COV-EXCL-WORLD;TPL-WORLD-SHELL;TPL-WORLD-HUD;TPL-QUICK-ACCESS-RECOVERY","Noindex World uses same release and canonical links; recovery: Quick Access retaining safe route/service context","excluded_surface_contracted_not_active"
"TR-EXCL-002","EXCL-ADMIN","exclusion","docs/phase-1-ux-architecture/excluded-surfaces.csv","foundation-flow-coverage.csv;reference-template-inventory.csv;responsive-state-mode-matrix.csv","COV-EXCL-ADMIN;TPL-STAFF-AUTH;TPL-STAFF-QUEUE;TPL-SYSTEM-RECOVERY","Authorized staff sees only permitted tasks; recovery: Sign in reauthenticate safe denied response or approved break glass","excluded_surface_contracted_not_active"
"TR-EXCL-003","EXCL-NONPUBLIC-PUBLICATION","exclusion","docs/phase-1-ux-architecture/excluded-surfaces.csv","foundation-flow-coverage.csv;reference-template-inventory.csv;responsive-state-mode-matrix.csv","COV-EXCL-NONPUBLIC-PUBLICATION;TPL-PUBLICATION-EDITOR;TPL-PUBLICATION-REVIEW-RELEASE;TPL-SYSTEM-RECOVERY","Authorized preview retains draft marker and current candidate version; recovery: Return to staff queue; non-disclosing public response; previous release remains active","excluded_surface_contracted_not_active"
"TR-EXCL-004","EXCL-CHAT-SESSIONS","exclusion","docs/phase-1-ux-architecture/excluded-surfaces.csv","foundation-flow-coverage.csv;reference-template-inventory.csv;responsive-state-mode-matrix.csv","COV-EXCL-CHAT-SESSIONS;TPL-AI-CONCIERGE;TPL-QUICK-ACCESS-RECOVERY","Valid session resumes under approved policy; recovery: New ephemeral AI available human Contact or Book","excluded_surface_contracted_not_active"
"TR-EXCL-005","EXCL-INTERNAL-SEARCH","exclusion","docs/phase-1-ux-architecture/excluded-surfaces.csv","foundation-flow-coverage.csv;reference-template-inventory.csv;responsive-state-mode-matrix.csv","COV-EXCL-INTERNAL-SEARCH;TPL-DIRECTORY-SEARCH;TPL-QUICK-ACCESS-RECOVERY","Approved utility returns browse or clean results without URL-carried query; recovery: Clear; static directory; clean canonical; unknown path 404","excluded_surface_contracted_not_active"
"TR-EXCL-006","EXCL-TRACKING-PARAMETERS","exclusion","docs/phase-1-ux-architecture/excluded-surfaces.csv","foundation-flow-coverage.csv;reference-template-inventory.csv;responsive-state-mode-matrix.csv","COV-EXCL-TRACKING-PARAMETERS;TPL-GLOBAL-NAVIGATION;TPL-SYSTEM-RECOVERY","Same truthful clean document and clean first-party links; recovery: Strip allowlisted parameter only; require decision for unknown parameter","excluded_surface_contracted_not_active"
"TR-EXCL-007","EXCL-FILTER-SORT-VARIANTS","exclusion","docs/phase-1-ux-architecture/excluded-surfaces.csv","foundation-flow-coverage.csv;reference-template-inventory.csv;responsive-state-mode-matrix.csv","COV-EXCL-FILTER-SORT-VARIANTS;TPL-DIRECTORY-SEARCH;TPL-SYSTEM-RECOVERY","Local UI filter/sort state only when a host collection defines it; recovery: Return to clean collection or directory","excluded_surface_contracted_not_active"
"TR-EXCL-008","EXCL-STAGING","exclusion","docs/phase-1-ux-architecture/excluded-surfaces.csv","foundation-flow-coverage.csv;reference-template-inventory.csv;responsive-state-mode-matrix.csv","COV-EXCL-STAGING;TPL-PUBLICATION-REVIEW-RELEASE;TPL-STAFF-AUTH;TPL-SYSTEM-RECOVERY","Authorized candidate review remains clearly nonpublic; recovery: Authenticate or return to production canonical only after approval","excluded_surface_contracted_not_active"
"TR-EXCL-009","EXCL-DEFENSE","exclusion","docs/phase-1-ux-architecture/excluded-surfaces.csv","foundation-flow-coverage.csv;reference-template-inventory.csv;responsive-state-mode-matrix.csv","COV-EXCL-DEFENSE;TPL-SYSTEM-RECOVERY;TPL-AI-CONCIERGE","No public render sitemap search AI knowledge or ordinary visitor flow; recovery: General services Contact or Book; secure route only after MA-011","excluded_surface_contracted_not_active"
"TR-WAY-001","WING-AI-DATA","wayfinding","docs/phase-1-ux-architecture/wayfinding-release-map.csv","foundation-flow-coverage.csv;foundation-route-coverage.csv;reference-template-inventory.csv","COV-WAY-WING-AI-DATA;TPL-SERVICE-WING;TPL-WORLD-SHELL;TPL-WORLD-HUD","Exact sign formal/accessibility title route path room ID ordinal and four release states; Closed held opening and open remain visually and semantically distinct; recovery: Canonical Quick Access remains when active; nonpublic opening never implies launch","wayfinding_reference_contracted_not_active"
"TR-WAY-002","ROOM-AI-AUTOMATION","wayfinding","docs/phase-1-ux-architecture/wayfinding-release-map.csv","foundation-flow-coverage.csv;foundation-route-coverage.csv;reference-template-inventory.csv","COV-WAY-ROOM-AI-AUTOMATION;TPL-SERVICE-DETAIL;TPL-WORLD-SHELL;TPL-WORLD-HUD","Exact sign/title/route/room/ordinal and closed held opening open variants; Any abbreviation-only accessible name or premature open claim fails; recovery: Canonical Quick Access and full formal title remain","wayfinding_reference_contracted_not_active"
"TR-WAY-003","ROOM-DATA-ANALYTICS","wayfinding","docs/phase-1-ux-architecture/wayfinding-release-map.csv","foundation-flow-coverage.csv;foundation-route-coverage.csv;reference-template-inventory.csv","COV-WAY-ROOM-DATA-ANALYTICS;TPL-SERVICE-DETAIL;TPL-WORLD-SHELL;TPL-WORLD-HUD","Exact sign/title/route/room/ordinal and closed held opening open variants; Any abbreviation-only accessible name or premature open claim fails; recovery: Canonical Quick Access and full formal title remain","wayfinding_reference_contracted_not_active"
"TR-WAY-004","WING-STRATEGY","wayfinding","docs/phase-1-ux-architecture/wayfinding-release-map.csv","foundation-flow-coverage.csv;foundation-route-coverage.csv;reference-template-inventory.csv","COV-WAY-WING-STRATEGY;TPL-SERVICE-WING;TPL-WORLD-SHELL;TPL-WORLD-HUD","Exact sign/title/route/room/ordinal/prerequisite and four release states; Open before ordinal 1 or abbreviation-only accessible name fails; recovery: Canonical Quick Access remains; hold until earlier ordinal and active release","wayfinding_reference_contracted_not_active"
"TR-WAY-005","ROOM-STRATEGY-ARCHITECTURE","wayfinding","docs/phase-1-ux-architecture/wayfinding-release-map.csv","foundation-flow-coverage.csv;foundation-route-coverage.csv;reference-template-inventory.csv","COV-WAY-ROOM-STRATEGY-ARCHITECTURE;TPL-SERVICE-DETAIL;TPL-WORLD-SHELL;TPL-WORLD-HUD","Exact sign/title/route/room/ordinal and four release states; Premature open or missing formal title/canonical link fails; recovery: Canonical Quick Access and full formal title remain","wayfinding_reference_contracted_not_active"
"TR-WAY-006","WING-IMMERSIVE-CREATIVE","wayfinding","docs/phase-1-ux-architecture/wayfinding-release-map.csv","foundation-flow-coverage.csv;foundation-route-coverage.csv;reference-template-inventory.csv","COV-WAY-WING-IMMERSIVE-CREATIVE;TPL-SERVICE-WING;TPL-WORLD-SHELL;TPL-WORLD-HUD","Exact sign/title/route/room/ordinal/prerequisite and four release states; Open before ordinals 1-2 or abbreviation-only accessible name fails; recovery: Canonical Quick Access remains; hold until prerequisites and active release","wayfinding_reference_contracted_not_active"
"TR-WAY-007","ROOM-SPATIAL-IMMERSIVE","wayfinding","docs/phase-1-ux-architecture/wayfinding-release-map.csv","foundation-flow-coverage.csv;foundation-route-coverage.csv;reference-template-inventory.csv","COV-WAY-ROOM-SPATIAL-IMMERSIVE;TPL-SERVICE-DETAIL;TPL-WORLD-SHELL;TPL-WORLD-HUD","Exact sign/title/route/room/ordinal and four release states; Premature open or missing formal title/non-WebGL route fails; recovery: Canonical Quick Access and full formal title remain","wayfinding_reference_contracted_not_active"
"TR-WAY-008","ROOM-CREATIVE-VISUAL","wayfinding","docs/phase-1-ux-architecture/wayfinding-release-map.csv","foundation-flow-coverage.csv;foundation-route-coverage.csv;reference-template-inventory.csv","COV-WAY-ROOM-CREATIVE-VISUAL;TPL-SERVICE-DETAIL;TPL-WORLD-SHELL;TPL-WORLD-HUD","Exact sign/title/route/room/ordinal and four release states; Premature open or missing formal title/canonical link fails; recovery: Canonical Quick Access and full formal title remain","wayfinding_reference_contracted_not_active"
"TR-WAY-009","WING-DIGITAL-GROWTH","wayfinding","docs/phase-1-ux-architecture/wayfinding-release-map.csv","foundation-flow-coverage.csv;foundation-route-coverage.csv;reference-template-inventory.csv","COV-WAY-WING-DIGITAL-GROWTH;TPL-SERVICE-WING;TPL-WORLD-SHELL;TPL-WORLD-HUD","Exact sign/title/route/room/ordinal/prerequisite and four release states; Open before ordinals 1-3 or abbreviation-only accessible name fails; recovery: Canonical Quick Access remains; hold until prerequisites and active release","wayfinding_reference_contracted_not_active"
"TR-WAY-010","ROOM-PLATFORM-PRODUCT","wayfinding","docs/phase-1-ux-architecture/wayfinding-release-map.csv","foundation-flow-coverage.csv;foundation-route-coverage.csv;reference-template-inventory.csv","COV-WAY-ROOM-PLATFORM-PRODUCT;TPL-SERVICE-DETAIL;TPL-WORLD-SHELL;TPL-WORLD-HUD","Exact sign/title/route/room/ordinal and four release states; Premature open or missing formal title/canonical link fails; recovery: Canonical Quick Access and full formal title remain","wayfinding_reference_contracted_not_active"
"TR-WAY-011","ROOM-PRODUCT-EXPERIENCE","wayfinding","docs/phase-1-ux-architecture/wayfinding-release-map.csv","foundation-flow-coverage.csv;foundation-route-coverage.csv;reference-template-inventory.csv","COV-WAY-ROOM-PRODUCT-EXPERIENCE;TPL-SERVICE-DETAIL;TPL-WORLD-SHELL;TPL-WORLD-HUD","Exact sign/title/route/room/ordinal and four release states; Premature open truncation or abbreviation-only accessible name fails; recovery: Canonical Quick Access and full formal title remain","wayfinding_reference_contracted_not_active"
"TR-WAY-012","ROOM-COMMERCE-GROWTH","wayfinding","docs/phase-1-ux-architecture/wayfinding-release-map.csv","foundation-flow-coverage.csv;foundation-route-coverage.csv;reference-template-inventory.csv","COV-WAY-ROOM-COMMERCE-GROWTH;TPL-SERVICE-DETAIL;TPL-WORLD-SHELL;TPL-WORLD-HUD","Exact sign/title/route/room/ordinal and four release states; Premature open or missing formal title/canonical link fails; recovery: Canonical Quick Access and full formal title remain","wayfinding_reference_contracted_not_active"
"TR-WAY-013","WING-CLOUD-TRUST","wayfinding","docs/phase-1-ux-architecture/wayfinding-release-map.csv","foundation-flow-coverage.csv;foundation-route-coverage.csv;reference-template-inventory.csv","COV-WAY-WING-CLOUD-TRUST;TPL-SERVICE-WING;TPL-WORLD-SHELL;TPL-WORLD-HUD","Exact sign/title/route/room/ordinal/prerequisite and four release states; Open before ordinals 1-4 or abbreviation-only accessible name fails; recovery: Canonical Quick Access remains; hold until prerequisites and active release","wayfinding_reference_contracted_not_active"
"TR-WAY-014","ROOM-CLOUD-RELIABILITY","wayfinding","docs/phase-1-ux-architecture/wayfinding-release-map.csv","foundation-flow-coverage.csv;foundation-route-coverage.csv;reference-template-inventory.csv","COV-WAY-ROOM-CLOUD-RELIABILITY;TPL-SERVICE-DETAIL;TPL-WORLD-SHELL;TPL-WORLD-HUD","Exact sign/title/route/room/ordinal and four release states; Premature open or missing formal title/canonical link fails; recovery: Canonical Quick Access and full formal title remain","wayfinding_reference_contracted_not_active"
"TR-WAY-015","ROOM-SECURITY-TRUST","wayfinding","docs/phase-1-ux-architecture/wayfinding-release-map.csv","foundation-flow-coverage.csv;foundation-route-coverage.csv;reference-template-inventory.csv","COV-WAY-ROOM-SECURITY-TRUST;TPL-SERVICE-DETAIL;TPL-WORLD-SHELL;TPL-WORLD-HUD","Exact sign/title/route/room/ordinal and four release states; Premature open assurance inflation or missing formal title fails; recovery: Canonical Quick Access and full formal title remain","wayfinding_reference_contracted_not_active"
"TR-TEST-001","UXTEST-001","ux_test","docs/phase-1-ux-architecture/CONTENT_ANALYTICS_TESTS.md","foundation-route-coverage.csv;foundation-flow-coverage.csv;reference-template-inventory.csv;responsive-state-mode-matrix.csv;design-batch-plan.csv","COV-FLOW-NAVIGATION-SEARCH;COV-FLOW-FIRST-VISIT;COV-FLOW-ERROR-OFFLINE-RECOVERY;COV-ACT-01;COV-ACT-02","JS and canvas disabled on representative indexable routes: Unique title/H1, core decision content, hierarchy, relevant links, help/Book are complete in initial HTML.","acceptance_predicate_contracted_not_executed"
"TR-TEST-002","UXTEST-002","ux_test","docs/phase-1-ux-architecture/CONTENT_ANALYTICS_TESTS.md","foundation-route-coverage.csv;foundation-flow-coverage.csv;reference-template-inventory.csv;responsive-state-mode-matrix.csv;design-batch-plan.csv","COV-FLOW-NAVIGATION-SEARCH;COV-ACT-02;COV-EXCL-WORLD;COV-EXCL-ADMIN;COV-EXCL-NONPUBLIC-PUBLICATION;COV-EXCL-CHAT-SESSIONS;COV-EXCL-INTERNAL-SEARCH;COV-EXCL-TRACKING-PARAMETERS;COV-EXCL-FILTER-SORT-VARIANTS;COV-EXCL-STAGING;COV-EXCL-DEFENSE","Enumerate all 33 routes and nine exclusion classes: Route IDs/paths unique; D-025 `/industries` retained; exclusions match controls; zero orphan canonical family.","acceptance_predicate_contracted_not_executed"
"TR-TEST-003","UXTEST-003","ux_test","docs/phase-1-ux-architecture/CONTENT_ANALYTICS_TESTS.md","foundation-route-coverage.csv;foundation-flow-coverage.csv;reference-template-inventory.csv;responsive-state-mode-matrix.csv;design-batch-plan.csv","COV-FLOW-WORLD-HUD-STREAM;COV-ACT-05;COV-ACT-08;COV-ACT-12;COV-ACT-13;COV-EXCL-WORLD;COV-WAY-WING-AI-DATA;COV-WAY-ROOM-AI-AUTOMATION;COV-WAY-ROOM-DATA-ANALYTICS;COV-WAY-WING-STRATEGY;COV-WAY-ROOM-STRATEGY-ARCHITECTURE;COV-WAY-WING-IMMERSIVE-CREATIVE;COV-WAY-ROOM-SPATIAL-IMMERSIVE;COV-WAY-ROOM-CREATIVE-VISUAL;COV-WAY-WING-DIGITAL-GROWTH;COV-WAY-ROOM-PLATFORM-PRODUCT;COV-WAY-ROOM-PRODUCT-EXPERIENCE;COV-WAY-ROOM-COMMERCE-GROWTH;COV-WAY-WING-CLOUD-TRUST;COV-WAY-ROOM-CLOUD-RELIABILITY;COV-WAY-ROOM-SECURITY-TRUST","Compare each optional room/panel to canonical route: Same active checksum, formal title, summary meaning, evidence state, limitations, sources, and Book; no 3D-only action.","acceptance_predicate_contracted_not_executed"
"TR-TEST-004","UXTEST-004","ux_test","docs/phase-1-ux-architecture/CONTENT_ANALYTICS_TESTS.md","foundation-route-coverage.csv;foundation-flow-coverage.csv;reference-template-inventory.csv;responsive-state-mode-matrix.csv;design-batch-plan.csv","COV-FLOW-NAVIGATION-SEARCH;COV-FLOW-BOOKING-LINEAGE;COV-FLOW-CONTACT;COV-ACT-02;COV-ACT-20;COV-EXCL-TRACKING-PARAMETERS","Start from every route family and reach Book: Direct semantic path exists without AI/human/World; selected route/wing context is visible and editable.","acceptance_predicate_contracted_not_executed"
"TR-TEST-005","UXTEST-005","ux_test","docs/phase-1-ux-architecture/CONTENT_ANALYTICS_TESTS.md","foundation-route-coverage.csv;foundation-flow-coverage.csv;reference-template-inventory.csv;responsive-state-mode-matrix.csv;design-batch-plan.csv","COV-FLOW-FIRST-VISIT;COV-FLOW-WORLD-HUD-STREAM;COV-ACT-06;COV-ACT-07;COV-ACT-11","First World visit standard/reduced/skip: Controls announced before commitment; audio off; approximately 8-second standard target; skip/reduced reaches stable Reception promptly.","acceptance_predicate_contracted_not_executed"
"TR-TEST-006","UXTEST-006","ux_test","docs/phase-1-ux-architecture/CONTENT_ANALYTICS_TESTS.md","foundation-route-coverage.csv;foundation-flow-coverage.csv;reference-template-inventory.csv;responsive-state-mode-matrix.csv;design-batch-plan.csv","COV-FLOW-RETURN-VISIT;COV-ACT-40","Return visit with valid/stale/closed/retired saved location: Valid offers Resume/Reception/Replay/Quick Access; invalid safely falls back with status; no identity inference.","acceptance_predicate_contracted_not_executed"
"TR-TEST-007","UXTEST-007","ux_test","docs/phase-1-ux-architecture/CONTENT_ANALYTICS_TESTS.md","foundation-route-coverage.csv;foundation-flow-coverage.csv;reference-template-inventory.csv;responsive-state-mode-matrix.csv;design-batch-plan.csv","COV-FLOW-FIRST-VISIT;COV-FLOW-RETURN-VISIT;COV-FLOW-WORLD-HUD-STREAM;COV-FLOW-ERROR-OFFLINE-RECOVERY;COV-ACT-05;COV-ACT-06;COV-ACT-08;COV-ACT-09;COV-ACT-12;COV-EXCL-WORLD","Loader/WebGL/asset/network/device loss at every transition: Quick Access appears, safe context retained, no blank canvas/loop/content loss.","acceptance_predicate_contracted_not_executed"
"TR-TEST-008","UXTEST-008","ux_test","docs/phase-1-ux-architecture/CONTENT_ANALYTICS_TESTS.md","foundation-route-coverage.csv;foundation-flow-coverage.csv;reference-template-inventory.csv;responsive-state-mode-matrix.csv;design-batch-plan.csv","COV-FLOW-NAVIGATION-SEARCH;COV-FLOW-ERROR-OFFLINE-RECOVERY;COV-ACT-03;COV-ACT-04;COV-ACT-05;COV-EXCL-INTERNAL-SEARCH;COV-EXCL-FILTER-SORT-VARIANTS","Directory search empty/no-result/index unavailable/offline: Browse categories/static active-release directory/clear/Book remain; clean canonical result links; no raw query analytics.","acceptance_predicate_contracted_not_executed"
"TR-TEST-009","UXTEST-009","ux_test","docs/phase-1-ux-architecture/CONTENT_ANALYTICS_TESTS.md","foundation-route-coverage.csv;foundation-flow-coverage.csv;reference-template-inventory.csv;responsive-state-mode-matrix.csv;design-batch-plan.csv","COV-FLOW-AI;COV-ACT-14;COV-ACT-15;COV-EXCL-CHAT-SESSIONS","Anonymous AI with consent declined: Ephemeral use available; no durable chat/lead/analytics content; browsing and Book remain.","acceptance_predicate_contracted_not_executed"
"TR-TEST-010","UXTEST-010","ux_test","docs/phase-1-ux-architecture/CONTENT_ANALYTICS_TESTS.md","foundation-route-coverage.csv;foundation-flow-coverage.csv;reference-template-inventory.csv;responsive-state-mode-matrix.csv;design-batch-plan.csv","COV-FLOW-AI;COV-ACT-13;COV-ACT-14;COV-ACT-16;COV-EXCL-DEFENSE","Supported/missing/conflicting/stale/private/commitment/sensitive AI prompts: Supported answer cites approved sources; other cases cannot verify/refuse and offer safe human/Book; no draft/defense/secret leakage.","acceptance_predicate_contracted_not_executed"
"TR-TEST-011","UXTEST-011","ux_test","docs/phase-1-ux-architecture/CONTENT_ANALYTICS_TESTS.md","foundation-route-coverage.csv;foundation-flow-coverage.csv;reference-template-inventory.csv;responsive-state-mode-matrix.csv;design-batch-plan.csv","COV-FLOW-AI;COV-FLOW-ERROR-OFFLINE-RECOVERY;COV-ACT-14;COV-ACT-16;COV-ACT-17;COV-EXCL-CHAT-SESSIONS","AI interruption/resume/expiry/duplicate send: At most one message/request; valid session resumes; expired starts new safely; status truthful.","acceptance_predicate_contracted_not_executed"
"TR-TEST-012","UXTEST-012","ux_test","docs/phase-1-ux-architecture/CONTENT_ANALYTICS_TESTS.md","foundation-route-coverage.csv;foundation-flow-coverage.csv;reference-template-inventory.csv;responsive-state-mode-matrix.csv;design-batch-plan.csv","COV-FLOW-HUMAN-HANDOFF;COV-ACT-18;COV-ACT-41","Staff explicit availability vs Teams presence: Presence cannot create availability; stale/unavailable never shows live; durable handoff survives alert failure.","acceptance_predicate_contracted_not_executed"
"TR-TEST-013","UXTEST-013","ux_test","docs/phase-1-ux-architecture/CONTENT_ANALYTICS_TESTS.md","foundation-route-coverage.csv;foundation-flow-coverage.csv;reference-template-inventory.csv;responsive-state-mode-matrix.csv;design-batch-plan.csv","COV-FLOW-MEDIA-OPT-IN;COV-ACT-10;COV-ACT-19","Voice/video opt-in declined/denied/unsupported/fails: No media before opt-in; text and Book continue; no automatic re-prompt loop.","acceptance_predicate_contracted_not_executed"
"TR-TEST-014","UXTEST-014","ux_test","docs/phase-1-ux-architecture/CONTENT_ANALYTICS_TESTS.md","foundation-route-coverage.csv;foundation-flow-coverage.csv;reference-template-inventory.csv;responsive-state-mode-matrix.csv;design-batch-plan.csv","COV-FLOW-BOOKING-LINEAGE;COV-ACT-20;COV-ACT-21","Booking required and optional elements: Exactly six required data fields—email, organization, role, desired outcome, matched wing, desired timing—plus one purpose-specific consent record: seven required elements total. Budget is optional; no name/phone/account/upload/AI requirement.","acceptance_predicate_contracted_not_executed"
"TR-TEST-015","UXTEST-015","ux_test","docs/phase-1-ux-architecture/CONTENT_ANALYTICS_TESTS.md","foundation-route-coverage.csv;foundation-flow-coverage.csv;reference-template-inventory.csv;responsive-state-mode-matrix.csv;design-batch-plan.csv","COV-FLOW-BOOKING-LINEAGE;COV-FLOW-CONTACT;COV-ACT-21;COV-ACT-32","Invalid form and consent decline: Error summary/field associations/focus work; no challenge/lead; browsing/ephemeral help remain.","acceptance_predicate_contracted_not_executed"
"TR-TEST-016","UXTEST-016","ux_test","docs/phase-1-ux-architecture/CONTENT_ANALYTICS_TESTS.md","foundation-route-coverage.csv;foundation-flow-coverage.csv;reference-template-inventory.csv;responsive-state-mode-matrix.csv;design-batch-plan.csv","COV-FLOW-BOOKING-LINEAGE;COV-ACT-22;COV-ACT-23;COV-ACT-24;COV-ACT-25","Email pending/expired/undeliverable/corrected/resend/verified: One lineage; unverified states expose no slots/write/confirmation; only current challenge verifies.","acceptance_predicate_contracted_not_executed"
"TR-TEST-017","UXTEST-017","ux_test","docs/phase-1-ux-architecture/CONTENT_ANALYTICS_TESTS.md","foundation-route-coverage.csv;foundation-flow-coverage.csv;reference-template-inventory.csv;responsive-state-mode-matrix.csv;design-batch-plan.csv","COV-FLOW-BOOKING-LINEAGE;COV-FLOW-ERROR-OFFLINE-RECOVERY;COV-ACT-26;COV-ACT-27","Availability timezone/DST/no owner/no slot/stale slot: Correct visitor-local instant/zone; no ineligible slot; honest no-slot and recovery with no promise.","acceptance_predicate_contracted_not_executed"
"TR-TEST-018","UXTEST-018","ux_test","docs/phase-1-ux-architecture/CONTENT_ANALYTICS_TESTS.md","foundation-route-coverage.csv;foundation-flow-coverage.csv;reference-template-inventory.csv;responsive-state-mode-matrix.csv;design-batch-plan.csv","COV-FLOW-BOOKING-LINEAGE;COV-FLOW-ERROR-OFFLINE-RECOVERY;COV-ACT-28;COV-ACT-29","Double submit/reload/two tabs/provider timeout: One idempotent booking; ambiguous remains pending; reconcile before retry; exactly one external record.","acceptance_predicate_contracted_not_executed"
"TR-TEST-019","UXTEST-019","ux_test","docs/phase-1-ux-architecture/CONTENT_ANALYTICS_TESTS.md","foundation-route-coverage.csv;foundation-flow-coverage.csv;reference-template-inventory.csv;responsive-state-mode-matrix.csv;design-batch-plan.csv","COV-FLOW-BOOKING-LINEAGE;COV-ACT-29","External confirms but alert fails: Confirmation remains valid after reconciliation; alert retry independent; staff console truth preserved.","acceptance_predicate_contracted_not_executed"
"TR-TEST-020","UXTEST-020","ux_test","docs/phase-1-ux-architecture/CONTENT_ANALYTICS_TESTS.md","foundation-route-coverage.csv;foundation-flow-coverage.csv;reference-template-inventory.csv;responsive-state-mode-matrix.csv;design-batch-plan.csv","COV-FLOW-BOOKING-LINEAGE;COV-FLOW-ERROR-OFFLINE-RECOVERY;COV-ACT-30;COV-ACT-31","Reschedule/cancel timeout/race/expired authorization: Same lineage; prior truth remains until reconciliation; no false success or duplicate occurrence.","acceptance_predicate_contracted_not_executed"
"TR-TEST-021","UXTEST-021","ux_test","docs/phase-1-ux-architecture/CONTENT_ANALYTICS_TESTS.md","foundation-route-coverage.csv;foundation-flow-coverage.csv;reference-template-inventory.csv;responsive-state-mode-matrix.csv;design-batch-plan.csv","COV-FLOW-NAVIGATION-SEARCH;COV-FLOW-FIRST-VISIT;COV-FLOW-RETURN-VISIT;COV-FLOW-WORLD-HUD-STREAM;COV-FLOW-AI;COV-FLOW-CONTACT;COV-FLOW-AUTH-SESSION-PERMISSION;COV-FLOW-ERROR-OFFLINE-RECOVERY;COV-ACT-01;COV-ACT-03;COV-ACT-07;COV-ACT-13;COV-ACT-32;COV-ACT-34;COV-ACT-40","Keyboard-only across nav/search/help/booking/staff decision: Logical order; no trap; visible focus; focus moves/restores predictably; every pointer task equivalent.","acceptance_predicate_contracted_not_executed"
"TR-TEST-022","UXTEST-022","ux_test","docs/phase-1-ux-architecture/CONTENT_ANALYTICS_TESTS.md","foundation-route-coverage.csv;foundation-flow-coverage.csv;reference-template-inventory.csv;responsive-state-mode-matrix.csv;design-batch-plan.csv","COV-FLOW-NAVIGATION-SEARCH;COV-FLOW-RETURN-VISIT;COV-FLOW-AI;COV-FLOW-CONTACT;COV-FLOW-AUTH-SESSION-PERMISSION;COV-FLOW-ERROR-OFFLINE-RECOVERY;COV-ACT-01;COV-ACT-03;COV-ACT-13;COV-ACT-16;COV-ACT-32","Screen reader landmarks/headings/status/errors/source list: Meaningful order/names/roles; status announced without focus theft; error summary links; sources accessible.","acceptance_predicate_contracted_not_executed"
"TR-TEST-023","UXTEST-023","ux_test","docs/phase-1-ux-architecture/CONTENT_ANALYTICS_TESTS.md","foundation-route-coverage.csv;foundation-flow-coverage.csv;reference-template-inventory.csv;responsive-state-mode-matrix.csv;design-batch-plan.csv","COV-FLOW-NAVIGATION-SEARCH;COV-FLOW-FIRST-VISIT;COV-FLOW-WORLD-HUD-STREAM;COV-FLOW-CONTACT;COV-FLOW-ERROR-OFFLINE-RECOVERY;COV-ACT-01;COV-ACT-26","320 CSS px, 400% zoom, text spacing, landscape mobile/tablet/desktop: No lost content/action or two-dimensional scroll except data; sticky/HUD controls do not obscure focus/content.","acceptance_predicate_contracted_not_executed"
"TR-TEST-024","UXTEST-024","ux_test","docs/phase-1-ux-architecture/CONTENT_ANALYTICS_TESTS.md","foundation-route-coverage.csv;foundation-flow-coverage.csv;reference-template-inventory.csv;responsive-state-mode-matrix.csv;design-batch-plan.csv","COV-FLOW-NAVIGATION-SEARCH;COV-FLOW-AI;COV-FLOW-ERROR-OFFLINE-RECOVERY","Forced colors, grayscale, unavailable font/images, no CSS images: Focus/status/evidence/error meaning retained; decorative loss does not remove content.","acceptance_predicate_contracted_not_executed"
"TR-TEST-025","UXTEST-025","ux_test","docs/phase-1-ux-architecture/CONTENT_ANALYTICS_TESTS.md","foundation-route-coverage.csv;foundation-flow-coverage.csv;reference-template-inventory.csv;responsive-state-mode-matrix.csv;design-batch-plan.csv","COV-FLOW-FIRST-VISIT;COV-FLOW-RETURN-VISIT;COV-FLOW-WORLD-HUD-STREAM;COV-FLOW-AI;COV-FLOW-MEDIA-OPT-IN;COV-FLOW-ERROR-OFFLINE-RECOVERY;COV-ACT-06;COV-ACT-07;COV-ACT-08;COV-ACT-09;COV-ACT-10;COV-ACT-11","Reduced motion/low power/audio muted: Stable content/actions identical; no camera/parallax/loop requirement; transcripts/text equivalents present.","acceptance_predicate_contracted_not_executed"
"TR-TEST-026","UXTEST-026","ux_test","docs/phase-1-ux-architecture/CONTENT_ANALYTICS_TESTS.md","foundation-route-coverage.csv;foundation-flow-coverage.csv;reference-template-inventory.csv;responsive-state-mode-matrix.csv;design-batch-plan.csv","COV-FLOW-CONTACT;COV-ACT-13","Empty Work/Demos/Insights/Experts and held Trust/About/Contact: Truthful labels and next paths; no prototype seed, invented person/contact, social proof, or assurance claim.","acceptance_predicate_contracted_not_executed"
"TR-TEST-027","UXTEST-027","ux_test","docs/phase-1-ux-architecture/CONTENT_ANALYTICS_TESTS.md","foundation-route-coverage.csv;foundation-flow-coverage.csv;reference-template-inventory.csv;responsive-state-mode-matrix.csv;design-batch-plan.csv","COV-FLOW-STAFF-PUBLICATION;COV-FLOW-AUTH-SESSION-PERMISSION;COV-ACT-33;COV-ACT-34;COV-ACT-35;COV-ACT-36;COV-ACT-37;COV-ACT-51;COV-EXCL-ADMIN","Author/reviewer/founder/admin role negatives: Server denies self-approval, skipped review, ambiguous/missing role and admin-as-approver inference.","acceptance_predicate_contracted_not_executed"
"TR-TEST-028","UXTEST-028","ux_test","docs/phase-1-ux-architecture/CONTENT_ANALYTICS_TESTS.md","foundation-route-coverage.csv;foundation-flow-coverage.csv;reference-template-inventory.csv;responsive-state-mode-matrix.csv;design-batch-plan.csv","COV-FLOW-STAFF-PUBLICATION;COV-ACT-04;COV-ACT-35;COV-ACT-38;COV-ACT-39;COV-ACT-52;COV-EXCL-NONPUBLIC-PUBLICATION;COV-EXCL-STAGING;COV-EXCL-DEFENSE","Draft marker seeded across release surfaces: Absent from HTML, metadata, sitemap, notification, AI, directory and 3D; failure keeps previous release.","acceptance_predicate_contracted_not_executed"
"TR-TEST-029","UXTEST-029","ux_test","docs/phase-1-ux-architecture/CONTENT_ANALYTICS_TESTS.md","foundation-route-coverage.csv;foundation-flow-coverage.csv;reference-template-inventory.csv;responsive-state-mode-matrix.csv;design-batch-plan.csv","COV-FLOW-STAFF-PUBLICATION;COV-FLOW-ERROR-OFFLINE-RECOVERY;COV-ACT-38;COV-ACT-39;COV-EXCL-NONPUBLIC-PUBLICATION;COV-EXCL-STAGING","Render/index/activation component failure: No partial/mixed release; previous checksum active; correction returns through workflow.","acceptance_predicate_contracted_not_executed"
"TR-TEST-030","UXTEST-030","ux_test","docs/phase-1-ux-architecture/CONTENT_ANALYTICS_TESTS.md","foundation-route-coverage.csv;foundation-flow-coverage.csv;reference-template-inventory.csv;responsive-state-mode-matrix.csv;design-batch-plan.csv","COV-ACT-04;COV-ACT-15;COV-ACT-17;COV-EXCL-INTERNAL-SEARCH","Analytics payload and deletion workflow inspection: No prohibited fields; unknown/small cohorts protected by later policy; unmapped class keeps deletion pending.","acceptance_predicate_contracted_not_executed"
"TR-TEST-031","UXTEST-031","ux_test","docs/phase-1-ux-architecture/CONTENT_ANALYTICS_TESTS.md","foundation-route-coverage.csv;foundation-flow-coverage.csv;reference-template-inventory.csv;responsive-state-mode-matrix.csv;design-batch-plan.csv","COV-FLOW-STAFF-PUBLICATION;COV-ACT-41;COV-ACT-42","Staff availability on/off with Teams/Redis failure and role negatives: Only authorized explicit durable action can set available; off/error/pending fails unavailable; Teams presence cannot set on; both transitions are audited.","acceptance_predicate_contracted_not_executed"
"TR-TEST-032","UXTEST-032","ux_test","docs/phase-1-ux-architecture/CONTENT_ANALYTICS_TESTS.md","foundation-route-coverage.csv;foundation-flow-coverage.csv;reference-template-inventory.csv;responsive-state-mode-matrix.csv;design-batch-plan.csv","COV-FLOW-HUMAN-HANDOFF;COV-FLOW-STAFF-PUBLICATION;COV-FLOW-ERROR-OFFLINE-RECOVERY;COV-ACT-18;COV-ACT-43;COV-ACT-44;COV-ACT-45;COV-ACT-46","Handoff queue empty/load/stale then accept/decline/end: Empty differs from error; one authorized acceptance; decline/end preserve request/audit; stale/negative roles denied; visitor retains Book.","acceptance_predicate_contracted_not_executed"
"TR-TEST-033","UXTEST-033","ux_test","docs/phase-1-ux-architecture/CONTENT_ANALYTICS_TESTS.md","foundation-route-coverage.csv;foundation-flow-coverage.csv;reference-template-inventory.csv;responsive-state-mode-matrix.csv;design-batch-plan.csv","COV-FLOW-HUMAN-HANDOFF;COV-FLOW-STAFF-PUBLICATION;COV-ACT-18;COV-ACT-47","Alert adapter failure after durable handoff/booking: Core state remains authoritative; authorized retry is independently pending/success/error; no duplicate or false conversation/booking outcome.","acceptance_predicate_contracted_not_executed"
"TR-TEST-034","UXTEST-034","ux_test","docs/phase-1-ux-architecture/CONTENT_ANALYTICS_TESTS.md","foundation-route-coverage.csv;foundation-flow-coverage.csv;reference-template-inventory.csv;responsive-state-mode-matrix.csv;design-batch-plan.csv","COV-FLOW-STAFF-PUBLICATION;COV-ACT-48","Assignment/reassignment with no eligible assignee and stale tabs: One current eligible assignment; conflict blocks overwrite; hold/recovery visible; actor/from/to/version/reason audited; unauthorized self/admin override denied.","acceptance_predicate_contracted_not_executed"
"TR-TEST-035","UXTEST-035","ux_test","docs/phase-1-ux-architecture/CONTENT_ANALYTICS_TESTS.md","foundation-route-coverage.csv;foundation-flow-coverage.csv;reference-template-inventory.csv;responsive-state-mode-matrix.csv;design-batch-plan.csv","COV-FLOW-STAFF-PUBLICATION;COV-ACT-49;COV-ACT-50","Booking reconciliation and exception handling: Local/provider match confirms once; ambiguous/missing/duplicate/no-slot/alert exception remains visible; no unauthorized delete or retry before ambiguity resolves.","acceptance_predicate_contracted_not_executed"
"TR-TEST-036","UXTEST-036","ux_test","docs/phase-1-ux-architecture/CONTENT_ANALYTICS_TESTS.md","foundation-route-coverage.csv;foundation-flow-coverage.csv;reference-template-inventory.csv;responsive-state-mode-matrix.csv;design-batch-plan.csv","COV-FLOW-STAFF-PUBLICATION;COV-ACT-35;COV-ACT-36;COV-ACT-37;COV-ACT-38;COV-ACT-51;COV-ACT-52","Evidence/SEO and knowledge review boundaries: Exact candidate/checksum used; self-review/admin-as-reviewer denied; knowledge excludes draft/private/defense/stale sources; neither review activates publication.","acceptance_predicate_contracted_not_executed"
"TR-TEST-037","UXTEST-037","ux_test","docs/phase-1-ux-architecture/CONTENT_ANALYTICS_TESTS.md","foundation-route-coverage.csv;foundation-flow-coverage.csv;reference-template-inventory.csv;responsive-state-mode-matrix.csv;design-batch-plan.csv","COV-FLOW-STAFF-PUBLICATION;COV-FLOW-AUTH-SESSION-PERMISSION;COV-FLOW-ERROR-OFFLINE-RECOVERY;COV-ACT-43;COV-ACT-53;COV-EXCL-ADMIN","Audit inspection authorized/empty/index unavailable/integrity gap: Redacted durable event chain remains read-only; inspection audited; derived-index failure recovers to durable retrieval; unauthorized role learns no event existence.","acceptance_predicate_contracted_not_executed"
"TR-TEST-038","UXTEST-038","ux_test","docs/phase-1-ux-architecture/CONTENT_ANALYTICS_TESTS.md","foundation-route-coverage.csv;foundation-flow-coverage.csv;reference-template-inventory.csv;responsive-state-mode-matrix.csv;design-batch-plan.csv","COV-FLOW-WORLD-HUD-STREAM;COV-ACT-05;COV-ACT-12;COV-WAY-WING-AI-DATA;COV-WAY-ROOM-AI-AUTOMATION;COV-WAY-ROOM-DATA-ANALYTICS;COV-WAY-WING-STRATEGY;COV-WAY-ROOM-STRATEGY-ARCHITECTURE;COV-WAY-WING-IMMERSIVE-CREATIVE;COV-WAY-ROOM-SPATIAL-IMMERSIVE;COV-WAY-ROOM-CREATIVE-VISUAL;COV-WAY-WING-DIGITAL-GROWTH;COV-WAY-ROOM-PLATFORM-PRODUCT;COV-WAY-ROOM-PRODUCT-EXPERIENCE;COV-WAY-ROOM-COMMERCE-GROWTH;COV-WAY-WING-CLOUD-TRUST;COV-WAY-ROOM-CLOUD-RELIABILITY;COV-WAY-ROOM-SECURITY-TRUST","Five-wing/ten-service wayfinding and release sequence: Fifteen unique signs/room IDs map one-to-one to exact formal/accessibility titles and canonical routes; ordinals are 1–5 in AI/Data, Strategy, Immersive/Creative, Digital/Growth, Cloud/Trust order; out-of-order open fails while active canonical Quick Access remains.","acceptance_predicate_contracted_not_executed"
"TR-TEST-039","UXTEST-039","ux_test","docs/phase-1-ux-architecture/CONTENT_ANALYTICS_TESTS.md","foundation-route-coverage.csv;foundation-flow-coverage.csv;reference-template-inventory.csv;responsive-state-mode-matrix.csv;design-batch-plan.csv","COV-FLOW-NAVIGATION-SEARCH;COV-FLOW-WORLD-HUD-STREAM;COV-ACT-01;COV-ACT-08","Pointer/touch across every control family: Targets are at least 24x24 CSS px or have recorded exception/spacing; visible label is in accessible name; move-away before pointer-up cancels; every drag has non-drag single-pointer and keyboard alternatives.","acceptance_predicate_contracted_not_executed"
"TR-TEST-040","UXTEST-040","ux_test","docs/phase-1-ux-architecture/CONTENT_ANALYTICS_TESTS.md","foundation-route-coverage.csv;foundation-flow-coverage.csv;reference-template-inventory.csv;responsive-state-mode-matrix.csv;design-batch-plan.csv;UI_REFERENCE_DESIGN_CONTRACT.md","TL-REMOVABLE-ADJUSTABLE;TL-WARN-EXTEND;TL-EXCEPTION;TL-NOT-APPLICABLE","Each timed route flow template profile and batch selects removal/adjustment before start or warning at least 20 seconds before expiry with a simple extension at least 10x or a documented criterion-supported exception; preserve permitted data and last authoritative state and provide accessible reauthentication; exact durations remain gated","acceptance_predicate_contracted_not_executed"
"TR-TEST-041","UXTEST-041","ux_test","docs/phase-1-ux-architecture/CONTENT_ANALYTICS_TESTS.md","foundation-route-coverage.csv;foundation-flow-coverage.csv;reference-template-inventory.csv;responsive-state-mode-matrix.csv;design-batch-plan.csv","COV-FLOW-MEDIA-OPT-IN;COV-ACT-10;COV-ACT-19","Audio-only, prerecorded synchronized, and live synchronized media inventory: Verify transcript and captions; separately verify SC 1.2.3 description/media-alternative handling and SC 1.2.5 audio description conveys every meaningful visual cue in time for each applicable prerecorded video item; record valid non-applicability evidence; verify live captions. Fail when an applicable item has only a complete media alternative but lacks required SC 1.2.5 audio description. Missing requirements hold media only; semantic content/Book remain.","acceptance_predicate_contracted_not_executed"
"TR-TEST-042","UXTEST-042","ux_test","docs/phase-1-ux-architecture/CONTENT_ANALYTICS_TESTS.md","foundation-route-coverage.csv;foundation-flow-coverage.csv;reference-template-inventory.csv;responsive-state-mode-matrix.csv;design-batch-plan.csv","COV-FLOW-BOOKING-LINEAGE;COV-ACT-21;COV-ACT-24;COV-ACT-27;COV-ACT-30;COV-ACT-31;COV-ACT-34","Input purpose and redundant-entry process inspection: Correct autocomplete tokens for applicable fields; no invented tokens; qualification/email correction/review/reschedule/cancel/contact/staff values are auto-populated/selectable unless documented exception; correction/confirmation available.","acceptance_predicate_contracted_not_executed"
"TR-TEST-043","UXTEST-043","ux_test","docs/phase-1-ux-architecture/CONTENT_ANALYTICS_TESTS.md","foundation-route-coverage.csv;foundation-flow-coverage.csv;reference-template-inventory.csv;responsive-state-mode-matrix.csv;design-batch-plan.csv","COV-FLOW-BOOKING-LINEAGE;COV-FLOW-AUTH-SESSION-PERMISSION;COV-ACT-22;COV-ACT-23;COV-ACT-25;COV-ACT-30;COV-ACT-31;COV-ACT-33;COV-ACT-34;COV-ACT-40","Booking verification and staff authentication/reauthentication: Complete without unaided cognitive test using paste/password manager/assistive mechanism or equivalent; third-party steps included; timeout preserves authoritative state and permitted entered data; exact provider remains gated.","acceptance_predicate_contracted_not_executed"
"TR-TEST-044","UXTEST-044","ux_test","docs/phase-1-ux-architecture/CONTENT_ANALYTICS_TESTS.md","foundation-route-coverage.csv;foundation-flow-coverage.csv;reference-template-inventory.csv;responsive-state-mode-matrix.csv;design-batch-plan.csv","COV-FLOW-NAVIGATION-SEARCH;COV-FLOW-BOOKING-LINEAGE;COV-FLOW-ERROR-OFFLINE-RECOVERY;COV-ACT-02;COV-ACT-20;COV-ACT-28","JavaScript transaction failure boundary: With JS unavailable, representative indexable routes retain complete initial content and direct semantic Book access; if transaction scripting fails, status says unavailable/not completed and offers Book retry/verified Contact without false lineage, pending, or confirmation. No no-JS end-to-end completion is asserted.","acceptance_predicate_contracted_not_executed"
"TR-TEST-045","UXTEST-045","ux_test","docs/phase-1-ux-architecture/CONTENT_ANALYTICS_TESTS.md","foundation-route-coverage.csv;foundation-flow-coverage.csv;reference-template-inventory.csv;responsive-state-mode-matrix.csv;design-batch-plan.csv","COV-FLOW-BOOKING-LINEAGE;COV-ACT-20;COV-ACT-21","Qualification contract deterministic fixture: Fixture accepts only the six named required data fields plus one purpose-specific consent record as seven elements total; budget omission passes; name/phone/account/upload/AI cannot become required.","acceptance_predicate_contracted_not_executed"
"TR-TEST-046","UXTEST-046","ux_test","docs/phase-1-ux-architecture/CONTENT_ANALYTICS_TESTS.md","foundation-route-coverage.csv;foundation-flow-coverage.csv;reference-template-inventory.csv;responsive-state-mode-matrix.csv;design-batch-plan.csv","COV-ACT-09;ACT-11;TPL-GLOBAL-NAVIGATION;TPL-WORLD-HUD;TPL-QUICK-ACCESS-RECOVERY;DS-S-HIGH;DS-S-MEDIUM;DS-S-LOW;DS-S-SEMANTIC;STATE-STREAM-CHANGED;STATE-PREFERENCE-WRITE-FAILED","Delivery stream control, boundary crossing, and process-state survival (D-045): the control is a native radio group with a separate explicit Apply, ceiling-excluded streams are disabled with a stated reason rather than hidden, the advisement is visible text adjacent to the control and not an accessible description alone, the control is reachable in all four streams and on ROUTE-HOME first frame in every stream including S-HIGH with the canvas not entered, applying announces politely without moving focus within a shell and preserves scroll open panel and route, crossing the semantic boundary lands focus on the destination shell stream control and never the document body with the outgoing shell removed from the accessibility tree first, and booking process state including a held slot a verified email and entered values survives every crossing including the semantic one or the change is refused and explained under ACT-11","contracted_future"
"TR-GATE-001","MA-002","manual_gate","MANUAL_ACTIONS.md;README.md;UI_REFERENCE_DESIGN_CONTRACT.md","README.md;UI_REFERENCE_DESIGN_CONTRACT.md;design-batch-plan.csv","Legal entity privacy and public disclosures","Exact legal/public facts and independent legal review","unresolved_manual_gate"
"TR-GATE-002","MA-003","manual_gate","MANUAL_ACTIONS.md;README.md;UI_REFERENCE_DESIGN_CONTRACT.md","README.md;UI_REFERENCE_DESIGN_CONTRACT.md;design-batch-plan.csv","Claims work experts and room ownership","Verified evidence people ownership rights and consent","unresolved_manual_gate"
"TR-GATE-003","MA-004","manual_gate","MANUAL_ACTIONS.md;README.md;UI_REFERENCE_DESIGN_CONTRACT.md","README.md;UI_REFERENCE_DESIGN_CONTRACT.md;design-batch-plan.csv","Existing GLB license and provenance","Approved provenance/license or explicit reference-only direction","unresolved_manual_gate"
"TR-GATE-004","MA-005","manual_gate","MANUAL_ACTIONS.md;README.md;UI_REFERENCE_DESIGN_CONTRACT.md","README.md;UI_REFERENCE_DESIGN_CONTRACT.md;design-batch-plan.csv","Azure and Microsoft 365 capability/access","Tenant region billing and later capability authority","unresolved_manual_gate"
"TR-GATE-005","MA-006","manual_gate","MANUAL_ACTIONS.md;README.md;UI_REFERENCE_DESIGN_CONTRACT.md","README.md;UI_REFERENCE_DESIGN_CONTRACT.md;design-batch-plan.csv","Booking mailbox Entra groups and Teams app consent","Mailbox groups calendar notification and Graph authority","unresolved_manual_gate"
"TR-GATE-006","MA-007","manual_gate","MANUAL_ACTIONS.md;README.md;UI_REFERENCE_DESIGN_CONTRACT.md","README.md;UI_REFERENCE_DESIGN_CONTRACT.md;design-batch-plan.csv","NVIDIA production entitlement and data route","Entitlement region DPA data-class and cost authority","unresolved_manual_gate"
"TR-GATE-007","MA-008","manual_gate","MANUAL_ACTIONS.md;README.md;UI_REFERENCE_DESIGN_CONTRACT.md","README.md;UI_REFERENCE_DESIGN_CONTRACT.md;design-batch-plan.csv","DNS and canonical domain","Ownership canonical host and later DNS-change authority","unresolved_manual_gate"
"TR-GATE-008","MA-009","manual_gate","MANUAL_ACTIONS.md;README.md;UI_REFERENCE_DESIGN_CONTRACT.md","README.md;UI_REFERENCE_DESIGN_CONTRACT.md;design-batch-plan.csv","Search Console Bing and IndexNow ownership","Account ownership verification and later submission authority","unresolved_manual_gate"
"TR-GATE-009","MA-010","manual_gate","MANUAL_ACTIONS.md;README.md;UI_REFERENCE_DESIGN_CONTRACT.md","README.md;UI_REFERENCE_DESIGN_CONTRACT.md;design-batch-plan.csv","Paid phase envelopes","Costed provider SKU limits and activation authority","unresolved_manual_gate"
"TR-GATE-010","MA-011","manual_gate","MANUAL_ACTIONS.md;README.md;UI_REFERENCE_DESIGN_CONTRACT.md","README.md;UI_REFERENCE_DESIGN_CONTRACT.md;design-batch-plan.csv","Defense publication and handling gate","Independent legal/security review and explicit publication decision","unresolved_manual_gate"
"TR-GATE-011","MA-013","manual_gate","MANUAL_ACTIONS.md;README.md;UI_REFERENCE_DESIGN_CONTRACT.md","README.md;UI_REFERENCE_DESIGN_CONTRACT.md;design-batch-plan.csv","Phase 1 compatibility-inventory acceptance","Inventory boundary approval only; no dependency installation","unresolved_manual_gate"
"TR-GATE-012","MA-024","manual_gate","README.md;UI_REFERENCE_DESIGN_CONTRACT.md","README.md;UI_REFERENCE_DESIGN_CONTRACT.md;design-batch-plan.csv","Phase 1 UI reference-design contract and foundation-surface coverage acceptance; package-only proposal at the 2026-09-03 producer freeze","Fresh independent design and accessibility reviews must pass before authorized root durable integration and founder approval or bounded revision of this documentation package only","proposed_at_2026-09-03_producer_freeze_root_integration_only_after_clean_independent_reviews"
"TR-GATE-013","GATE-EXTERNAL-DESIGN-WRITE","manual_gate","README.md;UI_REFERENCE_DESIGN_CONTRACT.md","README.md;UI_REFERENCE_DESIGN_CONTRACT.md;design-batch-plan.csv","Separate future Figma/Stitch production/write authorization; package-only proposal at the 2026-09-03 producer freeze","Explicit separate authority required after MA-024 and root durable integration; current external-write authorization remains false","proposed_at_2026-09-03_producer_freeze_root_integration_only_after_clean_independent_reviews"
"TR-ROUTE-034","ROUTE-CREDITS","route","docs/phase-1-foundation/06-canonical-route-inventory.json;docs/phase-1-ux-architecture/route-room-parity.csv","foundation-route-coverage.csv;reference-template-inventory.csv;responsive-state-mode-matrix.csv","INST-ROUTE-CREDITS;TPL-PUBLIC-ABOUT;/credits","Reference shows the attribution list structure with exact licence author and source facts visibly held; present in all four delivery streams per D-039 and R-032","route_instance_contracted_not_active"
